اسم العميل,رقم الهوية,رقم الوحدة,كود الوحدة,سعر الوحدة,نسبة الانجاز من الاستشاري الهندسي,جدول الدفعات,الدفعة 1,الدفعة 2,الدفعة3,الدفعة 4,الدفعة 5,الدفعة 6,الدفعة 7,مجموع الدفعات المستحقة,مجموع الدفعات المدفوعة,البنك,تاريخ عقد البيع,POC,رقم عقد البيع,Date
أشرف رمضان عصام عبدالفتاح,3289030999,P-101,DGP-B01-P-101,4775000,0.3496,"20%, 15%, 15%, 20%, 15%, 10%, 5%","تم السداد 955,000.00","تم السداد 716,250.00",غير مستحقة,غير مستحقة,غير مستحقة,غير مستحقة,غير مستحقة,0,1671250,البنك التجاري الدولي CIB,21/12/2024,0.3496,DGP0001,23-Jan-25
أدهم فتحي طارق عبدالرازق,3930480141,P-102,DGP-B01-P-102,6732000,0,"20%, 15%, 15%, 20%, 15%, 10%, 5%","تم السداد 1,346,400.00",غير مستحقة,غير مستحقة,غير مستحقة,غير مستحقة,غير مستحقة,غير مستحقة,0,1346400,كاش,29/12/2024,0,DGP0002,16-Dec-24
وليد عبدالرحمن كمال جابر,4829662424,P-103,DGP-B01-P-103,3998000,0.2129,"20%, 15%, 15%, 20%, 15%, 10%, 5%","تم السداد 799,600.00","تم السداد 599,700.00",غير مستحقة,غير مستحقة,غير مستحقة,غير مستحقة,غير مستحقة,0,1399300,كاش,17/12/2024,0.2129,DGP0003,1-Jan-25
حسين محمود سمير عبداللطيف,9402838101,P-104,DGP-B01-P-104,3872000,0.1883,"20%, 15%, 15%, 20%, 15%, 10%, 5%","تم السداد 774,400.00","تم السداد 580,800.00",غير مستحقة,غير مستحقة,غير مستحقة,غير مستحقة,غير مستحقة,0,1355200,البنك الأهلي المصري,17/12/2024,0.1883,DGP0004,2-Jan-25
معتز نبيل خالد مراد,4691501622,P-105,DGP-B01-P-105,3449000,0.2115,"20%, 15%, 15%, 20%, 15%, 10%, 5%","تم السداد 689,800.00","تم السداد 517,350.00",غير مستحقة,غير مستحقة,غير مستحقة,غير مستحقة,غير مستحقة,0,1207150,البنك الأهلي المصري,24/12/2024,0.2115,DGP0005,24-Dec-24
سامح رمضان فتحي الإسكندراني,8885759297,P-106,DGP-B01-P-106,3668000,0.1906,"20%, 15%, 15%, 20%, 15%, 10%, 5%","تم السداد 733,600.00","تم السداد 550,200.00",غير مستحقة,غير مستحقة,غير مستحقة,غير مستحقة,غير مستحقة,0,1283800,البنك الأهلي المصري,22/12/2024,0.1906,DGP0006,4-Jan-25
إسلام صبري فاروق عبدالعال,2679872400,P-107,DGP-B01-P-107,3522000,0.164,"20%, 15%, 15%, 20%, 15%, 10%, 5%","تم السداد 704,400.00","تم السداد 528,300.00",غير مستحقة,غير مستحقة,غير مستحقة,غير مستحقة,غير مستحقة,0,1232700,البنك الأهلي المصري,26/01/2025,0.164,DGP0007,2-Jan-25
داليا لطفي كمال السمان,6840982993,P-108,DGP-B01-P-108,5463000,0.3169,"20%, 15%, 15%, 20%, 15%, 10%, 5%","تم السداد 1,092,600.00","تم السداد 819,450.00",غير مستحقة,غير مستحقة,غير مستحقة,غير مستحقة,غير مستحقة,0,1912050,كاش,30/12/2024,0.3169,DGP0008,14-Jan-25
كريم سيد عادل العشري,5497708061,P-109,DGP-B01-P-109,3943000,0.2491,"20%, 15%, 15%, 20%, 15%, 10%, 5%","تم السداد 788,600.00","تم السداد 591,450.00",غير مستحقة,غير مستحقة,غير مستحقة,غير مستحقة,غير مستحقة,0,1380050,البنك الأهلي المصري,27/01/2025,0.2491,DGP0009,10-Dec-24
محمد رشاد مختار عبدالفتاح,4541737403,P-110,DGP-B01-P-110,3610000,0.1897,"20%, 15%, 15%, 20%, 15%, 10%, 5%","تم السداد 722,000.00","تم السداد 541,500.00",غير مستحقة,غير مستحقة,غير مستحقة,غير مستحقة,غير مستحقة,0,1263500,البنك الأهلي المصري,05/01/2025,0.1897,DGP0010,17-Dec-24
علاء إسماعيل شوقي السيد,1460012225,P-111,DGP-B01-P-111,3952000,0.2634,"20%, 15%, 15%, 20%, 15%, 10%, 5%","تم السداد 790,400.00","تم السداد 592,800.00",غير مستحقة,غير مستحقة,غير مستحقة,غير مستحقة,غير مستحقة,0,1383200,بنك مصر,22/12/2024,0.2634,DGP0011,18-Dec-24
مي سعيد رمضان عبدالحميد,5706847198,P-112,DGP-B01-P-112,5567000,0.2575,"20%, 15%, 15%, 20%, 15%, 10%, 5%","تم السداد 1,113,400.00","تم السداد 835,050.00",غير مستحقة,غير مستحقة,غير مستحقة,غير مستحقة,غير مستحقة,0,1948450,كاش,02/02/2025,0.2575,DGP0012,1-Jan-25
سلمى سيد محمود السمان,9508976860,P-113,DGP-B01-P-113,3469000,0.2096,"20%, 15%, 15%, 20%, 15%, 10%, 5%","تم السداد 693,800.00","تم السداد 520,350.00",غير مستحقة,غير مستحقة,غير مستحقة,غير مستحقة,غير مستحقة,0,1214150,البنك الأهلي المصري,03/02/2025,0.2096,DGP0013,17-Dec-24
فادي سليمان رجب الدمرداش,7754323469,P-114,DGP-B01-P-114,6365000,0.2459,"20%, 15%, 15%, 20%, 15%, 10%, 5%","تم السداد 1,273,000.00","تم السداد 954,750.00",غير مستحقة,غير مستحقة,غير مستحقة,غير مستحقة,غير مستحقة,0,2227750,بنك مصر,22/12/2024,0.2459,DGP0014,19-Dec-24
شادي محمد حسين عبدالحليم,4144660449,P-115,DGP-B01-P-115,3926000,0.2458,"20%, 15%, 15%, 20%, 15%, 10%, 5%","تم السداد 785,200.00","تم السداد 588,900.00",غير مستحقة,غير مستحقة,غير مستحقة,غير مستحقة,غير مستحقة,0,1374100,بنك مصر,13/01/2025,0.2458,DGP0015,24-Jan-25
نهى رشاد فاروق عبدالفتاح,5417837851,P-116,DGP-B01-P-116,5923000,0.2605,"20%, 15%, 15%, 20%, 15%, 10%, 5%","تم السداد 1,184,600.00","تم السداد 888,450.00",غير مستحقة,غير مستحقة,غير مستحقة,غير مستحقة,غير مستحقة,0,2073050,كاش,02/01/2025,0.2605,DGP0016,9-Jan-25
عبدالرحمن عبدالله لطفي السيد,6242089728,P-117,DGP-B01-P-117,4012000,0.179,"20%, 15%, 15%, 20%, 15%, 10%, 5%","تم السداد 802,400.00","تم السداد 601,800.00",غير مستحقة,غير مستحقة,غير مستحقة,غير مستحقة,غير مستحقة,0,1404200,البنك الأهلي المصري,21/12/2024,0.179,DGP0017,29-Dec-24
حسين عبدالله رشاد البنا,6310931628,P-118,DGP-B01-P-118,3462000,0.282,"20%, 15%, 15%, 20%, 15%, 10%, 5%","تم السداد 692,400.00","تم السداد 519,300.00",غير مستحقة,غير مستحقة,غير مستحقة,غير مستحقة,غير مستحقة,0,1211700,البنك الأهلي المصري,11/01/2025,0.282,DGP0018,16-Jan-25
رامز مصطفى شوقي منصور,4730316467,P-119,DGP-B01-P-119,4000000,0.3119,"20%, 15%, 15%, 20%, 15%, 10%, 5%","تم السداد 800,000.00","تم السداد 600,000.00",غير مستحقة,غير مستحقة,غير مستحقة,غير مستحقة,غير مستحقة,0,1400000,البنك الأهلي المصري,31/12/2024,0.3119,DGP0019,2-Jan-25
عمر خالد عاطف عبداللطيف,7416316166,P-120,DGP-B01-P-120,3498000,0.1784,"20%, 15%, 15%, 20%, 15%, 10%, 5%","تم السداد 699,600.00","تم السداد 524,700.00",غير مستحقة,غير مستحقة,غير مستحقة,غير مستحقة,غير مستحقة,0,1224300,البنك الأهلي المصري,25/12/2024,0.1784,DGP0020,19-Dec-24
محمود حمدي شوقي عبدالرازق,4390793719,P-121,DGP-B01-P-121,4111000,0.2131,"20%, 15%, 15%, 20%, 15%, 10%, 5%","تم السداد 822,200.00","تم السداد 616,650.00",غير مستحقة,غير مستحقة,غير مستحقة,غير مستحقة,غير مستحقة,0,1438850,البنك الأهلي المصري,22/01/2025,0.2131,DGP0021,13-Aug-25
علي رجب عبدالله محمود,4277820489,P-122,DGP-B01-P-122,4273000,0.2194,"20%, 15%, 15%, 20%, 15%, 10%, 5%","تم السداد 854,600.00","تم السداد 640,950.00",غير مستحقة,غير مستحقة,غير مستحقة,غير مستحقة,غير مستحقة,0,1495550,البنك الأهلي المصري,10/01/2025,0.2194,DGP0022,28-Dec-24
محمود سليمان فتحي السوهاجي,4625777678,P-123,DGP-B01-P-123,3983000,0.1589,"20%, 15%, 15%, 20%, 15%, 10%, 5%","تم السداد 796,600.00","تم السداد 597,450.00",غير مستحقة,غير مستحقة,غير مستحقة,غير مستحقة,غير مستحقة,0,1394050,البنك الأهلي المصري,27/12/2024,0.1589,DGP0023,12-Jan-25
ماجد فتحي عبدالله الشافعي,7342615068,P-124,DGP-B01-P-124,4453000,0.1895,"20%, 15%, 15%, 20%, 15%, 10%, 5%","تم السداد 890,600.00","تم السداد 667,950.00",غير مستحقة,غير مستحقة,غير مستحقة,غير مستحقة,غير مستحقة,0,1558550,البنك الأهلي المصري,07/01/2025,0.1895,DGP0024,30-Jan-25
باسم إسماعيل كمال الدمرداش,8252878501,P-125,DGP-B02-P-125,3959000,0.2447,"20%, 15%, 15%, 20%, 15%, 10%, 5%","تم السداد 791,800.00","تم السداد 593,850.00",غير مستحقة,غير مستحقة,غير مستحقة,غير مستحقة,غير مستحقة,0,1385650,بنك مصر,09/12/2024,0.2447,DGP0025,4-Dec-24
عمرو صلاح جمال شاكر,8198036143,P-126,DGP-B02-P-126,3994000,0.228,"20%, 15%, 15%, 20%, 15%, 10%, 5%","تم السداد 798,800.00","تم السداد 599,100.00",غير مستحقة,غير مستحقة,غير مستحقة,غير مستحقة,غير مستحقة,0,1397900,البنك الأهلي المصري,27/12/2024,0.228,DGP0026,10-Apr-25
رنا لطفي نبيل محمود,7335766414,P-127,DGP-B02-P-127,4073000,0.2503,"20%, 15%, 15%, 20%, 15%, 10%, 5%","تم السداد 814,600.00","تم السداد 610,950.00",غير مستحقة,غير مستحقة,غير مستحقة,غير مستحقة,غير مستحقة,0,1425550,كاش,31/01/2025,0.2503,DGP0027,29-Dec-24
نهال صبحي سمير سليمان,8629717423,P-128,DGP-B02-P-128,3924000,0.359,"20%, 15%, 15%, 20%, 15%, 10%, 5%","تم السداد 784,800.00","تم السداد 588,600.00",غير مستحقة,غير مستحقة,غير مستحقة,غير مستحقة,غير مستحقة,0,1373400,بنك مصر,31/01/2025,0.359,DGP0028,26-Dec-24
محمد جابر فؤاد أمين,1766577920,P-129,DGP-B02-P-129,3926000,0.24,"20%, 15%, 15%, 20%, 15%, 10%, 5%","تم السداد 785,200.00","تم السداد 588,900.00",غير مستحقة,غير مستحقة,غير مستحقة,غير مستحقة,غير مستحقة,0,1374100,البنك الأهلي المصري,09/02/2025,0.24,DGP0029,11-Jan-25
رامي سليمان فؤاد الطنطاوي,4095157059,P-130,DGP-B02-P-130,6513000,0.2488,"20%, 15%, 15%, 20%, 15%, 10%, 5%","تم السداد 1,302,600.00","تم السداد 976,950.00",غير مستحقة,غير مستحقة,غير مستحقة,غير مستحقة,غير مستحقة,0,2279550,كاش,21/12/2024,0.2488,DGP0030,22-Jan-25
رضوى سعيد إسماعيل سالم,9245207776,P-131,DGP-B02-P-131,5570000,0.3339,"20%, 15%, 15%, 20%, 15%, 10%, 5%","تم السداد 1,114,000.00","تم السداد 835,500.00",غير مستحقة,غير مستحقة,غير مستحقة,غير مستحقة,غير مستحقة,0,1949500,كاش,04/02/2025,0.3339,DGP0031,21-Jan-25
عبدالله شوقي حمدي صبري,7198740324,P-132,DGP-B02-P-132,4166000,0.225,"20%, 15%, 15%, 20%, 15%, 10%, 5%","تم السداد 833,200.00","تم السداد 624,900.00",غير مستحقة,غير مستحقة,غير مستحقة,غير مستحقة,غير مستحقة,0,1458100,البنك الأهلي المصري,02/02/2025,0.225,DGP0032,23-Dec-24
حسن عادل مختار صبري,8755617330,P-133,DGP-B02-P-133,3777000,0.3223,"20%, 15%, 15%, 20%, 15%, 10%, 5%","تم السداد 755,400.00","تم السداد 566,550.00",غير مستحقة,غير مستحقة,غير مستحقة,غير مستحقة,غير مستحقة,0,1321950,البنك الأهلي المصري,18/12/2024,0.3223,DGP0033,13-Jan-25
حسين مجدي حمدي بدوي,3062861599,P-134,DGP-B02-P-134,4371000,0.2092,"20%, 15%, 15%, 20%, 15%, 10%, 5%","تم السداد 874,200.00","تم السداد 655,650.00",غير مستحقة,غير مستحقة,غير مستحقة,غير مستحقة,غير مستحقة,0,1529850,البنك الأهلي المصري,30/12/2024,0.2092,DGP0034,26-Jan-25
عبدالرحمن فؤاد جابر سليمان,2258746991,P-135,DGP-B02-P-135,3965000,0.2356,"20%, 15%, 15%, 20%, 15%, 10%, 5%","تم السداد 793,000.00","تم السداد 594,750.00",غير مستحقة,غير مستحقة,غير مستحقة,غير مستحقة,غير مستحقة,0,1387750,البنك الأهلي المصري,05/01/2025,0.2356,DGP0035,6-Jan-25
عمرو إسماعيل نبيل حسين,2122614892,P-136,DGP-B02-P-136,6199000,0,"20%, 15%, 15%, 20%, 15%, 10%, 5%","تم السداد 1,239,800.00",غير مستحقة,غير مستحقة,غير مستحقة,غير مستحقة,غير مستحقة,غير مستحقة,0,1239800,البنك العربي الأفريقي الدولي,07/01/2025,0,DGP0036,19-Jan-25
رامي نبيل محمد الشافعي,7010525077,P-137,DGP-B02-P-137,6124000,0,"20%, 15%, 15%, 20%, 15%, 10%, 5%","تم السداد 1,224,800.00",غير مستحقة,غير مستحقة,غير مستحقة,غير مستحقة,غير مستحقة,غير مستحقة,0,1224800,كاش,30/12/2024,0,DGP0037,1-Jan-25
كريم مختار حمدي عبدالفتاح,5050450949,P-138,DGP-B02-P-138,4467000,0.1902,"20%, 15%, 15%, 20%, 15%, 10%, 5%","تم السداد 893,400.00","تم السداد 670,050.00",غير مستحقة,غير مستحقة,غير مستحقة,غير مستحقة,غير مستحقة,0,1563450,البنك التجاري الدولي CIB,10/12/2024,0.1902,DGP0038,19-Dec-24
تامر جابر عصام حجازي,7731051308,P-139,DGP-B02-P-139,3905000,0.1889,"20%, 15%, 15%, 20%, 15%, 10%, 5%","تم السداد 781,000.00","تم السداد 585,750.00",غير مستحقة,غير مستحقة,غير مستحقة,غير مستحقة,غير مستحقة,0,1366750,البنك الأهلي المصري,14/02/2025,0.1889,DGP0039,28-Jan-25
ياسين رشاد صبري الطنطاوي,5497360473,P-140,DGP-B02-P-140,6657000,0.3352,"20%, 15%, 15%, 20%, 15%, 10%, 5%","تم السداد 1,331,400.00","تم السداد 998,550.00",غير مستحقة,غير مستحقة,غير مستحقة,غير مستحقة,غير مستحقة,0,2329950,البنك الأهلي المصري,20/01/2025,0.3352,DGP0040,7-Jan-25
طارق أحمد عاطف الجندي,4782493047,P-141,DGP-B02-P-141,4034000,0.1885,"20%, 15%, 15%, 20%, 15%, 10%, 5%","تم السداد 806,800.00","تم السداد 605,100.00",غير مستحقة,غير مستحقة,غير مستحقة,غير مستحقة,غير مستحقة,0,1411900,البنك الأهلي المصري,14/01/2025,0.1885,DGP0041,7-Jan-25
علي رشاد صبري خليل,8945602740,P-142,DGP-B02-P-142,4098000,0.2549,"20%, 15%, 15%, 20%, 15%, 10%, 5%","تم السداد 819,600.00","تم السداد 614,700.00",غير مستحقة,غير مستحقة,غير مستحقة,غير مستحقة,غير مستحقة,0,1434300,كاش,07/02/2025,0.2549,DGP0042,24-Jan-25
نورا يوسف مختار حسين,9777541728,P-143,DGP-B02-P-143,3645000,0.2312,"20%, 15%, 15%, 20%, 15%, 10%, 5%","تم السداد 729,000.00","تم السداد 546,750.00",غير مستحقة,غير مستحقة,غير مستحقة,غير مستحقة,غير مستحقة,0,1275750,البنك الأهلي المصري,11/02/2025,0.2312,DGP0043,9-Feb-25
يوسف صبري أحمد عبدالحليم,6682214863,P-144,DGP-B02-P-144,4063000,0.239,"20%, 15%, 15%, 20%, 15%, 10%, 5%","تم السداد 812,600.00","تم السداد 609,450.00",غير مستحقة,غير مستحقة,غير مستحقة,غير مستحقة,غير مستحقة,0,1422050,البنك الأهلي المصري,24/01/2025,0.239,DGP0044,2-Feb-25
محمد سعيد خالد صبري,2445372473,P-145,DGP-B02-P-145,4790000,0.334,"20%, 15%, 15%, 20%, 15%, 10%, 5%","تم السداد 958,000.00","تم السداد 718,500.00",غير مستحقة,غير مستحقة,غير مستحقة,غير مستحقة,غير مستحقة,0,1676500,البنك التجاري الدولي CIB,04/02/2025,0.334,DGP0045,8-Feb-25
تامر حمدي سليمان الجمل,9513614322,P-146,DGP-B02-P-146,4901000,0.3497,"20%, 15%, 15%, 20%, 15%, 10%, 5%","تم السداد 980,200.00","تم السداد 735,150.00",غير مستحقة,غير مستحقة,غير مستحقة,غير مستحقة,غير مستحقة,0,1715350,البنك الأهلي المصري,28/01/2025,0.3497,DGP0046,7-Feb-25
يوسف مصطفى رشاد جابر,1046772886,P-147,DGP-B02-P-147,3739000,0.2263,"20%, 15%, 15%, 20%, 15%, 10%, 5%","تم السداد 747,800.00","تم السداد 560,850.00",غير مستحقة,غير مستحقة,غير مستحقة,غير مستحقة,غير مستحقة,0,1308650,البنك الأهلي المصري,14/02/2025,0.2263,DGP0047,13-Jan-25
أيمن محمود كمال المرسي,5188757096,P-148,DGP-B02-P-148,5612000,0.31,"20%, 15%, 15%, 20%, 15%, 10%, 5%","تم السداد 1,122,400.00","تم السداد 841,800.00",غير مستحقة,غير مستحقة,غير مستحقة,غير مستحقة,غير مستحقة,0,1964200,كاش,04/02/2025,0.31,DGP0048,28-Jan-25
إبراهيم علي لطفي المنياوي,6786232824,P-149,DGP-B02-P-149,4415000,0.265,"20%, 15%, 15%, 20%, 15%, 10%, 5%","تم السداد 883,000.00","تم السداد 662,250.00",غير مستحقة,غير مستحقة,غير مستحقة,غير مستحقة,غير مستحقة,0,1545250,كاش,15/02/2025,0.265,DGP0049,26-Jan-25
عبدالله خالد نبيل السمان,8365230942,P-150,DGP-B03-P-150,5741000,0.2425,"20%, 15%, 15%, 20%, 15%, 10%, 5%","تم السداد 1,148,200.00","تم السداد 861,150.00",غير مستحقة,غير مستحقة,غير مستحقة,غير مستحقة,غير مستحقة,0,2009350,البنك التجاري الدولي CIB,10/01/2025,0.2425,DGP0050,11-Jan-25
مجدي علي أحمد داود,3549749120,P-151,DGP-B03-P-151,7193000,0.2131,"20%, 15%, 15%, 20%, 15%, 10%, 5%","تم السداد 1,438,600.00","تم السداد 1,078,950.00",غير مستحقة,غير مستحقة,غير مستحقة,غير مستحقة,غير مستحقة,0,2517550,كاش,07/02/2025,0.2131,DGP0051,29-Jan-25
أدهم شوقي إبراهيم علي,5601830424,P-152,DGP-B03-P-152,3583000,0.2138,"20%, 15%, 15%, 20%, 15%, 10%, 5%","تم السداد 716,600.00","تم السداد 537,450.00",غير مستحقة,غير مستحقة,غير مستحقة,غير مستحقة,غير مستحقة,0,1254050,البنك الأهلي المصري,26/02/2025,0.2138,DGP0052,10-Jan-25
نادر سيد علي سالم,5292536031,P-153,DGP-B03-P-153,3987000,0.2317,"20%, 15%, 15%, 20%, 15%, 10%, 5%","تم السداد 797,400.00","تم السداد 598,050.00",غير مستحقة,غير مستحقة,غير مستحقة,غير مستحقة,غير مستحقة,0,1395450,البنك الأهلي المصري,23/01/2025,0.2317,DGP0053,12-Feb-25
زياد أحمد إبراهيم السيد,8215648288,P-154,DGP-B03-P-154,3945000,0.2022,"20%, 15%, 15%, 20%, 15%, 10%, 5%","تم السداد 789,000.00","تم السداد 591,750.00",غير مستحقة,غير مستحقة,غير مستحقة,غير مستحقة,غير مستحقة,0,1380750,كاش,21/01/2025,0.2022,DGP0054,8-Jan-25
عمر محمود سمير عبدالفتاح,6083960705,P-155,DGP-B03-P-155,4716000,0.2986,"20%, 15%, 15%, 20%, 15%, 10%, 5%","تم السداد 943,200.00","تم السداد 707,400.00",غير مستحقة,غير مستحقة,غير مستحقة,غير مستحقة,غير مستحقة,0,1650600,كاش,24/01/2025,0.2986,DGP0055,1-Feb-25
إسلام صبري حسين منصور,9137382223,P-156,DGP-B03-P-156,3784000,0.2315,"20%, 15%, 15%, 20%, 15%, 10%, 5%","تم السداد 756,800.00","تم السداد 567,600.00",غير مستحقة,غير مستحقة,غير مستحقة,غير مستحقة,غير مستحقة,0,1324400,البنك الأهلي المصري,18/02/2025,0.2315,DGP0056,5-Feb-25
كريم صلاح خالد القاضي,9204275825,P-157,DGP-B03-P-157,5491000,0.3474,"20%, 15%, 15%, 20%, 15%, 10%, 5%","تم السداد 1,098,200.00","تم السداد 823,650.00",غير مستحقة,غير مستحقة,غير مستحقة,غير مستحقة,غير مستحقة,0,1921850,البنك التجاري الدولي CIB,07/02/2025,0.3474,DGP0057,31-Jan-25
طارق لطفي صبحي حسين,7367186113,P-158,DGP-B03-P-158,3563000,0.2285,"20%, 15%, 15%, 20%, 15%, 10%, 5%","تم السداد 712,600.00","تم السداد 534,450.00",غير مستحقة,غير مستحقة,غير مستحقة,غير مستحقة,غير مستحقة,0,1247050,البنك الأهلي المصري,11/02/2025,0.2285,DGP0058,12-Feb-25
أدهم شوقي محمد عبدالحليم,2451076129,P-159,DGP-B03-P-159,4017000,0.2912,"20%, 15%, 15%, 20%, 15%, 10%, 5%","تم السداد 803,400.00","تم السداد 602,550.00",غير مستحقة,غير مستحقة,غير مستحقة,غير مستحقة,غير مستحقة,0,1405950,البنك الأهلي المصري,04/02/2025,0.2912,DGP0059,23-Jan-25
سامي فتحي عبدالله الجندي,8864832860,P-160,DGP-B03-P-160,4956000,0.2106,"20%, 15%, 15%, 20%, 15%, 10%, 5%","تم السداد 991,200.00","تم السداد 743,400.00",غير مستحقة,غير مستحقة,غير مستحقة,غير مستحقة,غير مستحقة,0,1734600,كاش,22/01/2025,0.2106,DGP0060,9-Feb-25
حازم كمال سمير العطار,2599924783,P-161,DGP-B03-P-161,4561000,0.2267,"20%, 15%, 15%, 20%, 15%, 10%, 5%","تم السداد 912,200.00","تم السداد 684,150.00",غير مستحقة,غير مستحقة,غير مستحقة,غير مستحقة,غير مستحقة,0,1596350,كاش,21/02/2025,0.2267,DGP0061,23-Jan-25
طارق رجب علي الدسوقي,1794826109,P-162,DGP-B03-P-162,4603000,0.2168,"20%, 15%, 15%, 20%, 15%, 10%, 5%","تم السداد 920,600.00","تم السداد 690,450.00",غير مستحقة,غير مستحقة,غير مستحقة,غير مستحقة,غير مستحقة,0,1611050,كاش,28/01/2025,0.2168,DGP0062,31-Jan-25
نادر مصطفى فتحي مراد,9103237556,P-163,DGP-B03-P-163,4011000,0.2438,"20%, 15%, 15%, 20%, 15%, 10%, 5%","تم السداد 802,200.00","تم السداد 601,650.00",غير مستحقة,غير مستحقة,غير مستحقة,غير مستحقة,غير مستحقة,0,1403850,البنك الأهلي المصري,25/02/2025,0.2438,DGP0063,24-Feb-25
عمر رجب حسن الشرقاوي,3606551191,P-164,DGP-B03-P-164,4914000,0.2147,"20%, 15%, 15%, 20%, 15%, 10%, 5%","تم السداد 982,800.00","تم السداد 737,100.00",غير مستحقة,غير مستحقة,غير مستحقة,غير مستحقة,غير مستحقة,0,1719900,البنك الأهلي المصري,16/01/2025,0.2147,DGP0064,18-Feb-25
مجدي نبيل فاروق حجازي,2344453492,P-165,DGP-B03-P-165,5371000,0.2572,"20%, 15%, 15%, 20%, 15%, 10%, 5%","تم السداد 1,074,200.00","تم السداد 805,650.00",غير مستحقة,غير مستحقة,غير مستحقة,غير مستحقة,غير مستحقة,0,1879850,كاش,24/01/2025,0.2572,DGP0065,18-Jan-25
إبراهيم رجب إبراهيم حسين,1181948100,P-166,DGP-B03-P-166,4402000,0.3282,"20%, 15%, 15%, 20%, 15%, 10%, 5%","تم السداد 880,400.00","تم السداد 660,300.00",غير مستحقة,غير مستحقة,غير مستحقة,غير مستحقة,غير مستحقة,0,1540700,البنك الأهلي المصري,01/03/2025,0.3282,DGP0066,7-Feb-25
رامز جمال عصام الشربيني,3649759900,P-167,DGP-B03-P-167,5500000,0.3071,"20%, 15%, 15%, 20%, 15%, 10%, 5%","تم السداد 1,100,000.00","تم السداد 825,000.00",غير مستحقة,غير مستحقة,غير مستحقة,غير مستحقة,غير مستحقة,0,1925000,البنك التجاري الدولي CIB,01/02/2025,0.3071,DGP0067,3-Mar-25
حازم خالد سليمان الدسوقي,4093014394,P-168,DGP-B03-P-168,4811000,0.2429,"20%, 15%, 15%, 20%, 15%, 10%, 5%","تم السداد 962,200.00","تم السداد 721,650.00",غير مستحقة,غير مستحقة,غير مستحقة,غير مستحقة,غير مستحقة,0,1683850,EGBANK - البنك المصري الخليجي,19/02/2025,0.2429,DGP0068,19-Feb-25
علاء يوسف حسين المنياوي,1401032188,P-169,DGP-B03-P-169,3914000,0.2192,"20%, 15%, 15%, 20%, 15%, 10%, 5%","تم السداد 782,800.00","تم السداد 587,100.00",غير مستحقة,غير مستحقة,غير مستحقة,غير مستحقة,غير مستحقة,0,1369900,البنك الأهلي المصري,13/02/2025,0.2192,DGP0069,17-Feb-25
نادر كمال حمدي رزق,7217881607,P-170,DGP-B03-P-170,5980000,0.2288,"20%, 15%, 15%, 20%, 15%, 10%, 5%","تم السداد 1,196,000.00","تم السداد 897,000.00",غير مستحقة,غير مستحقة,غير مستحقة,غير مستحقة,غير مستحقة,0,2093000,كاش,21/02/2025,0.2288,DGP0070,2-Mar-25
حسين طارق سيد رمضان,4932820527,P-171,DGP-B03-P-171,5824000,0.2527,"20%, 15%, 15%, 20%, 15%, 10%, 5%","تم السداد 1,164,800.00","تم السداد 873,600.00",غير مستحقة,غير مستحقة,غير مستحقة,غير مستحقة,غير مستحقة,0,2038400,البنك الأهلي المصري,14/03/2025,0.2527,DGP0071,19-Feb-25
أيمن طارق رمضان خليل,1337102512,P-172,DGP-B03-P-172,4548000,0.3575,"20%, 15%, 15%, 20%, 15%, 10%, 5%","تم السداد 909,600.00","تم السداد 682,200.00",غير مستحقة,غير مستحقة,غير مستحقة,غير مستحقة,غير مستحقة,0,1591800,البنك التجاري الدولي CIB,24/02/2025,0.3575,DGP0072,4-Feb-25
عبدالله رشاد إسماعيل خليل,1270715057,P-173,DGP-B03-P-173,5481000,0,"20%, 15%, 15%, 20%, 15%, 10%, 5%","تم السداد 1,096,200.00",غير مستحقة,غير مستحقة,غير مستحقة,غير مستحقة,غير مستحقة,غير مستحقة,0,1096200,بنك مصر,11/02/2025,0,DGP0073,27-Feb-25
ماهر محمد لطفي الشافعي,5377823929,P-174,DGP-B03-P-174,5656000,0.2124,"20%, 15%, 15%, 20%, 15%, 10%, 5%","تم السداد 1,131,200.00","تم السداد 848,400.00",غير مستحقة,غير مستحقة,غير مستحقة,غير مستحقة,غير مستحقة,0,1979600,البنك التجاري الدولي CIB,20/02/2025,0.2124,DGP0074,5-Mar-25
هبة جمال عبدالرحمن البنا,1394898863,P-175,DGP-B04-P-175,3316000,0.1831,"20%, 15%, 15%, 20%, 15%, 10%, 5%","تم السداد 663,200.00","تم السداد 497,400.00",غير مستحقة,غير مستحقة,غير مستحقة,غير مستحقة,غير مستحقة,0,1160600,بنك مصر,23/03/2025,0.1831,DGP0075,22-Mar-25
أشرف صبري مختار فوزي,6258895272,P-176,DGP-B04-P-176,5333000,0.2332,"20%, 15%, 15%, 20%, 15%, 10%, 5%","تم السداد 1,066,600.00","تم السداد 799,950.00",غير مستحقة,غير مستحقة,غير مستحقة,غير مستحقة,غير مستحقة,0,1866550,كاش,11/03/2025,0.2332,DGP0076,27-Feb-25
رؤوف عبدالرحمن عصام عبدالفتاح,8623084679,P-177,DGP-B04-P-177,4737000,0.3391,"20%, 15%, 15%, 20%, 15%, 10%, 5%","تم السداد 947,400.00","تم السداد 710,550.00",غير مستحقة,غير مستحقة,غير مستحقة,غير مستحقة,غير مستحقة,0,1657950,كاش,05/03/2025,0.3391,DGP0077,10-Mar-25
ماهر حسن فؤاد البنا,7143276074,P-178,DGP-B04-P-178,6120000,0.2251,"20%, 15%, 15%, 20%, 15%, 10%, 5%","تم السداد 1,224,000.00","تم السداد 918,000.00",غير مستحقة,غير مستحقة,غير مستحقة,غير مستحقة,غير مستحقة,0,2142000,بنك مصر,12/03/2025,0.2251,DGP0078,28-Mar-25
سامي رشاد فاروق عبدالمقصود,3290380236,P-179,DGP-B04-P-179,3725000,0.2126,"20%, 15%, 15%, 20%, 15%, 10%, 5%","تم السداد 745,000.00","تم السداد 558,750.00",غير مستحقة,غير مستحقة,غير مستحقة,غير مستحقة,غير مستحقة,0,1303750,EGBANK - البنك المصري الخليجي,13/03/2025,0.2126,DGP0079,8-Mar-25
وليد مجدي يوسف الطنطاوي,2763043194,P-180,DGP-B04-P-180,6410000,0.2431,"20%, 15%, 15%, 20%, 15%, 10%, 5%","تم السداد 1,282,000.00","تم السداد 961,500.00",غير مستحقة,غير مستحقة,غير مستحقة,غير مستحقة,غير مستحقة,0,2243500,بنك مصر,11/04/2025,0.2431,DGP0080,12-Mar-25
رؤوف عبدالله رمضان حسين,5500184835,P-181,DGP-B04-P-181,5134000,0.2712,"20%, 15%, 15%, 20%, 15%, 10%, 5%","تم السداد 1,026,800.00","تم السداد 770,100.00",غير مستحقة,غير مستحقة,غير مستحقة,غير مستحقة,غير مستحقة,0,1796900,بنك مصر,25/04/2025,0.2712,DGP0081,26-Apr-25
محمد صبري إسماعيل جابر,8539742736,P-182,DGP-B04-P-182,5651000,0.3283,"20%, 15%, 15%, 20%, 15%, 10%, 5%","تم السداد 1,130,200.00","تم السداد 847,650.00",غير مستحقة,غير مستحقة,غير مستحقة,غير مستحقة,غير مستحقة,0,1977850,بنك الإسكندرية,05/05/2025,0.3283,DGP0082,28-Feb-26
شادي يوسف عبدالرحمن صادق,3892227129,P-183,DGP-B04-P-183,6853000,0.3286,"20%, 15%, 15%, 20%, 15%, 10%, 5%","تم السداد 1,370,600.00","تم السداد 1,027,950.00",غير مستحقة,غير مستحقة,غير مستحقة,غير مستحقة,غير مستحقة,0,2398550,كاش,28/03/2025,0.3286,DGP0083,26-Mar-25
محمود طارق فاروق المصري,4076825354,P-184,DGP-B04-P-184,4566000,0.3285,"20%, 15%, 15%, 20%, 15%, 10%, 5%","تم السداد 913,200.00","تم السداد 684,900.00",غير مستحقة,غير مستحقة,غير مستحقة,غير مستحقة,غير مستحقة,0,1598100,كريدي أجريكول مصر,04/04/2025,0.3285,DGP0084,19-Apr-25
عادل عبدالرحمن صبحي عبدالفتاح,4832381462,P-185,DGP-B04-P-185,4444000,0.3463,"20%, 15%, 15%, 20%, 15%, 10%, 5%","تم السداد 888,800.00","تم السداد 666,600.00",غير مستحقة,غير مستحقة,غير مستحقة,غير مستحقة,غير مستحقة,0,1555400,بنك مصر,17/04/2025,0.3463,DGP0085,9-Apr-25
إبراهيم خالد إسماعيل عبداللطيف,1081744726,P-186,DGP-B04-P-186,4307000,0.2408,"20%, 15%, 15%, 20%, 15%, 10%, 5%","تم السداد 861,400.00","تم السداد 646,050.00",غير مستحقة,غير مستحقة,غير مستحقة,غير مستحقة,غير مستحقة,0,1507450,بنك القاهرة,15/05/2025,0.2408,DGP0086,10-Apr-25
سامي محمود محمد الزيني,1085857400,P-187,DGP-B04-P-187,4563000,0.2857,"20%, 15%, 15%, 20%, 15%, 10%, 5%","تم السداد 912,600.00","تم السداد 684,450.00",غير مستحقة,غير مستحقة,غير مستحقة,غير مستحقة,غير مستحقة,0,1597050,بنك مصر,18/05/2025,0.2857,DGP0087,12-Apr-25
هاني كمال سمير رمضان,8513500802,P-188,DGP-B04-P-188,4619000,0.2767,"20%, 15%, 15%, 20%, 15%, 10%, 5%","تم السداد 923,800.00","تم السداد 692,850.00",غير مستحقة,غير مستحقة,غير مستحقة,غير مستحقة,غير مستحقة,0,1616650,بنك مصر,06/04/2025,0.2767,DGP0088,2-May-25
حسام محمود عبدالرحمن حبيب,6978097450,P-189,DGP-B04-P-189,4790000,0.206,"20%, 15%, 15%, 20%, 15%, 10%, 5%","تم السداد 958,000.00","تم السداد 718,500.00",غير مستحقة,غير مستحقة,غير مستحقة,غير مستحقة,غير مستحقة,0,1676500,بنك مصر,31/05/2025,0.206,DGP0089,1-May-25
رؤوف إسماعيل لطفي فهمي,1719041454,P-190,DGP-B04-P-190,4194000,0.334,"20%, 15%, 15%, 20%, 15%, 10%, 5%","تم السداد 838,800.00","تم السداد 629,100.00",غير مستحقة,غير مستحقة,غير مستحقة,غير مستحقة,غير مستحقة,0,1467900,بنك القاهرة,29/04/2025,0.334,DGP0090,20-May-25
محمود صبحي صبري النحاس,4231394692,P-191,DGP-B04-P-191,4138000,0.294,"20%, 15%, 15%, 20%, 15%, 10%, 5%","تم السداد 827,600.00","تم السداد 620,700.00",غير مستحقة,غير مستحقة,غير مستحقة,غير مستحقة,غير مستحقة,0,1448300,بنك الإسكندرية,30/06/2025,0.294,DGP0091,10-Jul-25
هاني يوسف صلاح عبدالسلام,7520104122,P-192,DGP-B04-P-192,4404000,0.233,"20%, 15%, 15%, 20%, 15%, 10%, 5%","تم السداد 880,800.00","تم السداد 660,600.00",غير مستحقة,غير مستحقة,غير مستحقة,غير مستحقة,غير مستحقة,0,1541400,كاش,31/08/2025,0.233,DGP0092,10-Aug-25
سامي محمد سيد السمان,1578888078,P-193,DGP-B04-P-193,4293000,0.5587,"20%, 15%, 15%, 20%, 15%, 10%, 5%","تم السداد 858,600.00","تم السداد 643,950.00","تم السداد 643,950.00",غير مستحقة,غير مستحقة,غير مستحقة,غير مستحقة,0,2146500,بنك مصر,05/12/2024,0.5587,DGP0093,21-Jan-25
خالد لطفي عاطف رمضان,1909751340,P-194,DGP-B04-P-194,4189000,0.365,"20%, 15%, 15%, 20%, 15%, 10%, 5%","تم السداد 837,800.00","تم السداد 628,350.00","تم السداد 628,350.00",غير مستحقة,غير مستحقة,غير مستحقة,غير مستحقة,0,2094500,البنك الأهلي المصري,19/12/2024,0.365,DGP0094,13-Jan-25
رؤوف علي مجدي حسن,3947073483,P-195,DGP-B04-P-195,3658000,0.5402,"20%, 15%, 15%, 20%, 15%, 10%, 5%","تم السداد 731,600.00","تم السداد 548,700.00","تم السداد 548,700.00",غير مستحقة,غير مستحقة,غير مستحقة,غير مستحقة,0,1829000,البنك الأهلي المصري,14/01/2025,0.5402,DGP0095,28-Jan-25
جورج فتحي مجدي الرفاعي,9178280492,P-196,DGP-B04-P-196,4811000,0.524,"20%, 15%, 15%, 20%, 15%, 10%, 5%","تم السداد 962,200.00","تم السداد 721,650.00","تم السداد 721,650.00",غير مستحقة,غير مستحقة,غير مستحقة,غير مستحقة,0,2405500,كاش,24/01/2025,0.524,DGP0096,28-Dec-24
رامي خالد عبدالله الدمرداش,9031096757,P-197,DGP-B04-P-197,4002000,0.3656,"20%, 15%, 15%, 20%, 15%, 10%, 5%","تم السداد 800,400.00","تم السداد 600,300.00","تم السداد 600,300.00",غير مستحقة,غير مستحقة,غير مستحقة,غير مستحقة,0,2001000,البنك الأهلي المصري,19/12/2024,0.3656,DGP0097,29-Jan-25
رؤوف حمدي طارق الرفاعي,5048615391,P-198,DGP-B04-P-198,5235000,0.4027,"20%, 15%, 15%, 20%, 15%, 10%, 5%","تم السداد 1,047,000.00","تم السداد 785,250.00","تم السداد 785,250.00",غير مستحقة,غير مستحقة,غير مستحقة,غير مستحقة,0,2617500,بنك مصر,19/12/2024,0.4027,DGP0098,5-Jan-25
علي عاطف يوسف جابر,3052562304,P-199,DGP-B04-P-199,4087000,0.477,"20%, 15%, 15%, 20%, 15%, 10%, 5%","تم السداد 817,400.00","تم السداد 613,050.00","تم السداد 613,050.00",غير مستحقة,غير مستحقة,غير مستحقة,غير مستحقة,0,2043500,البنك الأهلي المصري,19/01/2025,0.477,DGP0099,15-Jan-25
هشام إسماعيل سمير الشافعي,9251774090,P-200,DGP-B05-P-200,5670000,0.4477,"20%, 15%, 15%, 20%, 15%, 10%, 5%","تم السداد 1,134,000.00","تم السداد 850,500.00","تم السداد 850,500.00",غير مستحقة,غير مستحقة,غير مستحقة,غير مستحقة,0,2835000,كاش,03/01/2025,0.4477,DGP0100,23-Dec-24
ماجد كمال صبحي الزيات,8798254125,P-201,DGP-B05-P-201,3867000,0.51,"20%, 15%, 15%, 20%, 15%, 10%, 5%","تم السداد 773,400.00","تم السداد 580,050.00","تم السداد 580,050.00",غير مستحقة,غير مستحقة,غير مستحقة,غير مستحقة,0,1933500,البنك الأهلي المصري,13/01/2025,0.51,DGP0101,30-Jan-25
عادل مختار صبحي داود,9407817019,P-202,DGP-B05-P-202,4419000,0.4421,"20%, 15%, 15%, 20%, 15%, 10%, 5%","تم السداد 883,800.00","تم السداد 662,850.00","تم السداد 662,850.00",غير مستحقة,غير مستحقة,غير مستحقة,غير مستحقة,0,2209500,كاش,27/01/2025,0.4421,DGP0102,3-Jan-25
محمد جمال سليمان حبيب,1722539660,P-203,DGP-B05-P-203,3995000,0.5049,"20%, 15%, 15%, 20%, 15%, 10%, 5%","تم السداد 799,000.00","تم السداد 599,250.00","تم السداد 599,250.00",غير مستحقة,غير مستحقة,غير مستحقة,غير مستحقة,0,1997500,البنك الأهلي المصري,14/01/2025,0.5049,DGP0103,19-Jan-25
وائل مصطفى فاروق رمضان,8309667282,P-204,DGP-B05-P-204,3517000,0.4986,"20%, 15%, 15%, 20%, 15%, 10%, 5%","تم السداد 703,400.00","تم السداد 527,550.00","تم السداد 527,550.00",غير مستحقة,غير مستحقة,غير مستحقة,غير مستحقة,0,1758500,كاش,04/01/2025,0.4986,DGP0104,13-Jan-25
وليد محمد مصطفى العطار,8841745024,P-205,DGP-B05-P-205,3900000,0.5518,"20%, 15%, 15%, 20%, 15%, 10%, 5%","تم السداد 780,000.00","تم السداد 585,000.00","تم السداد 585,000.00",غير مستحقة,غير مستحقة,غير مستحقة,غير مستحقة,0,1950000,البنك الأهلي المصري,25/01/2025,0.5518,DGP0105,7-Jan-25
إسلام عبدالرحمن سيد عبدالسلام,7008843696,P-206,DGP-B05-P-206,3920000,0.5177,"20%, 15%, 15%, 20%, 15%, 10%, 5%","تم السداد 784,000.00","تم السداد 588,000.00","تم السداد 588,000.00",غير مستحقة,غير مستحقة,غير مستحقة,غير مستحقة,0,1960000,البنك الأهلي المصري,30/01/2025,0.5177,DGP0106,24-Dec-24
رامز عبدالرحمن نبيل حبيب,8586668432,P-207,DGP-B05-P-207,3951000,0.5458,"20%, 15%, 15%, 20%, 15%, 10%, 5%","تم السداد 790,200.00","تم السداد 592,650.00","تم السداد 592,650.00",غير مستحقة,غير مستحقة,غير مستحقة,غير مستحقة,0,1975500,البنك التجاري الدولي CIB,27/01/2025,0.5458,DGP0107,9-Jan-25
وليد محمد علي عبدالسلام,3236344366,P-208,DGP-B05-P-208,4734000,0.5244,"20%, 15%, 15%, 20%, 15%, 10%, 5%","تم السداد 946,800.00","تم السداد 710,100.00","تم السداد 710,100.00",غير مستحقة,غير مستحقة,غير مستحقة,غير مستحقة,0,2367000,البنك الأهلي المصري,22/12/2024,0.5244,DGP0108,22-Dec-24
سامي مجدي إسماعيل الوكيل,5489671063,P-209,DGP-B05-P-209,3814000,0.5424,"20%, 15%, 15%, 20%, 15%, 10%, 5%","تم السداد 762,800.00","تم السداد 572,100.00","تم السداد 572,100.00",غير مستحقة,غير مستحقة,غير مستحقة,غير مستحقة,0,1907000,البنك الأهلي المصري,28/01/2025,0.5424,DGP0109,26-Dec-24
شادي نبيل مجدي صادق,4795822238,P-210,DGP-B05-P-210,3924000,0.5276,"20%, 15%, 15%, 20%, 15%, 10%, 5%","تم السداد 784,800.00","تم السداد 588,600.00","تم السداد 588,600.00",غير مستحقة,غير مستحقة,غير مستحقة,غير مستحقة,0,1962000,كاش,12/01/2025,0.5276,DGP0110,31-Dec-24
علاء سليمان مختار منصور,6679267177,P-211,DGP-B05-P-211,3839000,0.5131,"20%, 15%, 15%, 20%, 15%, 10%, 5%","تم السداد 767,800.00","تم السداد 575,850.00","تم السداد 575,850.00",غير مستحقة,غير مستحقة,غير مستحقة,غير مستحقة,0,1919500,كاش,14/01/2025,0.5131,DGP0111,9-Feb-25
مينا فتحي رمضان الحداد,5460876377,P-212,DGP-B05-P-212,4277000,0.5362,"20%, 15%, 15%, 20%, 15%, 10%, 5%","تم السداد 855,400.00","تم السداد 641,550.00","تم السداد 641,550.00",غير مستحقة,غير مستحقة,غير مستحقة,غير مستحقة,0,2138500,البنك التجاري الدولي CIB,30/12/2024,0.5362,DGP0112,13-Jan-25
حسين سليمان مصطفى صبري,3910599601,P-213,DGP-B05-P-213,3767000,0.4458,"20%, 15%, 15%, 20%, 15%, 10%, 5%","تم السداد 753,400.00","تم السداد 565,050.00","تم السداد 565,050.00",غير مستحقة,غير مستحقة,غير مستحقة,غير مستحقة,0,1883500,البنك الأهلي المصري,16/02/2025,0.4458,DGP0113,8-Jan-25
إيمان عادل مصطفى سالم,6578039638,P-214,DGP-B05-P-214,3886000,0.513,"20%, 15%, 15%, 20%, 15%, 10%, 5%","تم السداد 777,200.00","تم السداد 582,900.00","تم السداد 582,900.00",غير مستحقة,غير مستحقة,غير مستحقة,غير مستحقة,0,1943000,البنك التجاري الدولي CIB,11/01/2025,0.513,DGP0114,27-Dec-24
أشرف عبدالله رمضان البحيري,4057834845,P-215,DGP-B05-P-215,4103000,0.4766,"20%, 15%, 15%, 20%, 15%, 10%, 5%","تم السداد 820,600.00","تم السداد 615,450.00","تم السداد 615,450.00",غير مستحقة,غير مستحقة,غير مستحقة,غير مستحقة,0,2051500,البنك التجاري الدولي CIB,15/02/2025,0.4766,DGP0115,15-Jan-25
عبدالله نبيل رجب حسن,2191939546,P-216,DGP-B05-P-216,3989000,0.5265,"20%, 15%, 15%, 20%, 15%, 10%, 5%","تم السداد 797,800.00","تم السداد 598,350.00","تم السداد 598,350.00",غير مستحقة,غير مستحقة,غير مستحقة,غير مستحقة,0,1994500,البنك الأهلي المصري,07/01/2025,0.5265,DGP0116,5-Jan-25
رؤوف إبراهيم عصام عبدالسلام,8369661282,P-217,DGP-B05-P-217,5536000,0.5173,"20%, 15%, 15%, 20%, 15%, 10%, 5%","تم السداد 1,107,200.00","تم السداد 830,400.00","تم السداد 830,400.00",غير مستحقة,غير مستحقة,غير مستحقة,غير مستحقة,0,2768000,كاش,14/01/2025,0.5173,DGP0117,21-Jan-25
شادي صبري عادل الجندي,5185838349,P-218,DGP-B05-P-218,4908000,0.5311,"20%, 15%, 15%, 20%, 15%, 10%, 5%","تم السداد 981,600.00","تم السداد 736,200.00","تم السداد 736,200.00",غير مستحقة,غير مستحقة,غير مستحقة,غير مستحقة,0,2454000,البنك التجاري الدولي CIB,01/02/2025,0.5311,DGP0118,10-Jan-25
ياسين جمال مصطفى داود,1221700794,P-219,DGP-B05-P-219,3821000,0.5354,"20%, 15%, 15%, 20%, 15%, 10%, 5%","تم السداد 764,200.00","تم السداد 573,150.00","تم السداد 573,150.00",غير مستحقة,غير مستحقة,غير مستحقة,غير مستحقة,0,1910500,كاش,19/01/2025,0.5354,DGP0119,20-Jan-25
وائل محمد سليمان أمين,4927200041,P-220,DGP-B05-P-220,4012000,0.5232,"20%, 15%, 15%, 20%, 15%, 10%, 5%","تم السداد 802,400.00","تم السداد 601,800.00","تم السداد 601,800.00",غير مستحقة,غير مستحقة,غير مستحقة,غير مستحقة,0,2006000,البنك الأهلي المصري,24/02/2025,0.5232,DGP0120,16-Feb-25
وائل رجب شوقي محمود,2276932718,P-221,DGP-B05-P-221,3827000,0.4403,"20%, 15%, 15%, 20%, 15%, 10%, 5%","تم السداد 765,400.00","تم السداد 574,050.00","تم السداد 574,050.00",غير مستحقة,غير مستحقة,غير مستحقة,غير مستحقة,0,1913500,كاش,11/02/2025,0.4403,DGP0121,20-Jan-25
علي عادل خالد البدري,9332596353,P-222,DGP-B05-P-222,4148000,0.5251,"20%, 15%, 15%, 20%, 15%, 10%, 5%","تم السداد 829,600.00","تم السداد 622,200.00","تم السداد 622,200.00",غير مستحقة,غير مستحقة,غير مستحقة,غير مستحقة,0,2074000,البنك الأهلي المصري,05/01/2025,0.5251,DGP0122,3-Feb-25
مصطفى فتحي رجب حجازي,7729061921,P-223,DGP-B05-P-223,6565000,0.5486,"20%, 15%, 15%, 20%, 15%, 10%, 5%","تم السداد 1,313,000.00","تم السداد 984,750.00","تم السداد 984,750.00",غير مستحقة,غير مستحقة,غير مستحقة,غير مستحقة,0,3282500,البنك الأهلي المصري,15/02/2025,0.5486,DGP0123,12-Jan-25
يوسف جمال فؤاد المنياوي,2933181594,P-224,DGP-B05-P-224,4466000,0.4448,"20%, 15%, 15%, 20%, 15%, 10%, 5%","تم السداد 893,200.00","تم السداد 669,900.00","تم السداد 669,900.00",غير مستحقة,غير مستحقة,غير مستحقة,غير مستحقة,0,2233000,البنك التجاري الدولي CIB,07/01/2025,0.4448,DGP0124,10-Feb-25
جيهان سعيد جمال الجمل,6995236628,P-225,DGP-B06-P-225,4562000,0.5607,"20%, 15%, 15%, 20%, 15%, 10%, 5%","تم السداد 912,400.00","تم السداد 684,300.00","تم السداد 684,300.00",غير مستحقة,غير مستحقة,غير مستحقة,غير مستحقة,0,2281000,EGBANK - البنك المصري الخليجي,16/02/2025,0.5607,DGP0125,4-Feb-25
أشرف سعيد محمد الزيني,5867923998,P-226,DGP-B06-P-226,5681000,0.4342,"20%, 15%, 15%, 20%, 15%, 10%, 5%","تم السداد 1,136,200.00","تم السداد 852,150.00","تم السداد 852,150.00",غير مستحقة,غير مستحقة,غير مستحقة,غير مستحقة,0,2840500,البنك التجاري الدولي CIB,15/01/2025,0.4342,DGP0126,7-Feb-25
زياد فتحي مختار المصري,2972358201,P-227,DGP-B06-P-227,4713000,0.3972,"20%, 15%, 15%, 20%, 15%, 10%, 5%","تم السداد 942,600.00","تم السداد 706,950.00","تم السداد 706,950.00",غير مستحقة,غير مستحقة,غير مستحقة,غير مستحقة,0,2356500,كاش,06/02/2025,0.3972,DGP0127,9-Jan-25
علي نبيل عصام الزيني,3924837899,P-228,DGP-B06-P-228,4007000,0.5107,"20%, 15%, 15%, 20%, 15%, 10%, 5%","تم السداد 801,400.00","تم السداد 601,050.00","تم السداد 601,050.00",غير مستحقة,غير مستحقة,غير مستحقة,غير مستحقة,0,2003500,البنك التجاري الدولي CIB,10/01/2025,0.5107,DGP0128,4-Mar-25
وائل كمال مختار عبدالرازق,7822998844,P-229,DGP-B06-P-229,3539000,0.4254,"20%, 15%, 15%, 20%, 15%, 10%, 5%","تم السداد 707,800.00","تم السداد 530,850.00","تم السداد 530,850.00",غير مستحقة,غير مستحقة,غير مستحقة,غير مستحقة,0,1769500,البنك التجاري الدولي CIB,16/01/2025,0.4254,DGP0129,21-Feb-25
ماهر فاروق عبدالرحمن أمين,5353140154,P-230,DGP-B06-P-230,4227000,0.5203,"20%, 15%, 15%, 20%, 15%, 10%, 5%","تم السداد 845,400.00","تم السداد 634,050.00","تم السداد 634,050.00",غير مستحقة,غير مستحقة,غير مستحقة,غير مستحقة,0,2113500,كاش,28/01/2025,0.5203,DGP0130,24-Jan-25
سامح محمود مختار السوهاجي,7222007158,P-231,DGP-B06-P-231,5231000,0.5335,"20%, 15%, 15%, 20%, 15%, 10%, 5%","تم السداد 1,046,200.00","تم السداد 784,650.00","تم السداد 784,650.00",غير مستحقة,غير مستحقة,غير مستحقة,غير مستحقة,0,2615500,كاش,17/01/2025,0.5335,DGP0131,23-Jan-25
حسين عادل علي البحيري,9437563025,P-232,DGP-B06-P-232,5761000,0.5294,"20%, 15%, 15%, 20%, 15%, 10%, 5%","تم السداد 1,152,200.00","تم السداد 864,150.00","تم السداد 864,150.00",غير مستحقة,غير مستحقة,غير مستحقة,غير مستحقة,0,2880500,كاش,28/01/2025,0.5294,DGP0132,21-Jan-25
أحمد كمال صبري عبدالسلام,5706242325,P-233,DGP-B06-P-233,6150000,0.5323,"20%, 15%, 15%, 20%, 15%, 10%, 5%","تم السداد 1,230,000.00","تم السداد 922,500.00","تم السداد 922,500.00",غير مستحقة,غير مستحقة,غير مستحقة,غير مستحقة,0,3075000,كاش,26/02/2025,0.5323,DGP0133,30-Jan-25
حسام مجدي عادل البنا,6729775934,P-234,DGP-B06-P-234,5338000,0.3581,"20%, 15%, 15%, 20%, 15%, 10%, 5%","تم السداد 1,067,600.00","تم السداد 800,700.00","تم السداد 800,700.00",غير مستحقة,غير مستحقة,غير مستحقة,غير مستحقة,0,2669000,البنك التجاري الدولي CIB,23/01/2025,0.3581,DGP0134,15-Jan-25
سامي صبري محمود العطار,8282611503,P-235,DGP-B06-P-235,4392000,0.5112,"20%, 15%, 15%, 20%, 15%, 10%, 5%","تم السداد 878,400.00","تم السداد 658,800.00","تم السداد 658,800.00",غير مستحقة,غير مستحقة,غير مستحقة,غير مستحقة,0,2196000,البنك التجاري الدولي CIB,20/02/2025,0.5112,DGP0135,25-Feb-25
إبراهيم صبري مختار صادق,5476299313,P-236,DGP-B06-P-236,4127000,0.4607,"20%, 15%, 15%, 20%, 15%, 10%, 5%","تم السداد 825,400.00","تم السداد 619,050.00","تم السداد 619,050.00",غير مستحقة,غير مستحقة,غير مستحقة,غير مستحقة,0,2063500,البنك الأهلي المصري,11/02/2025,0.4607,DGP0136,20-Feb-25
محمد فتحي عبدالرحمن سليمان,6575874499,P-237,DGP-B06-P-237,4410000,0.5357,"20%, 15%, 15%, 20%, 15%, 10%, 5%","تم السداد 882,000.00","تم السداد 661,500.00","تم السداد 661,500.00",غير مستحقة,غير مستحقة,غير مستحقة,غير مستحقة,0,2205000,البنك الأهلي المصري,06/03/2025,0.5357,DGP0137,9-Feb-25
هشام علي سعيد بدوي,3287148984,P-238,DGP-B06-P-238,4802000,0.5321,"20%, 15%, 15%, 20%, 15%, 10%, 5%","تم السداد 960,400.00","تم السداد 720,300.00","تم السداد 720,300.00",غير مستحقة,غير مستحقة,غير مستحقة,غير مستحقة,0,2401000,بنك القاهرة,29/01/2025,0.5321,DGP0138,16-Mar-25
ماجد عادل صلاح عبدالمجيد,5332043562,P-239,DGP-B06-P-239,4298000,0.5212,"20%, 15%, 15%, 20%, 15%, 10%, 5%","تم السداد 859,600.00","تم السداد 644,700.00","تم السداد 644,700.00",غير مستحقة,غير مستحقة,غير مستحقة,غير مستحقة,0,2149000,كاش,12/03/2025,0.5212,DGP0139,12-Feb-25
أحمد عبدالله إسماعيل داود,5833560177,P-240,DGP-B06-P-240,5944000,0.5323,"20%, 15%, 15%, 20%, 15%, 10%, 5%","تم السداد 1,188,800.00","تم السداد 891,600.00","تم السداد 891,600.00",غير مستحقة,غير مستحقة,غير مستحقة,غير مستحقة,0,2972000,البنك التجاري الدولي CIB,07/02/2025,0.5323,DGP0140,22-Feb-25
معتز أحمد عصام مراد,7187683155,P-241,DGP-B06-P-241,4262000,0.3704,"20%, 15%, 15%, 20%, 15%, 10%, 5%","تم السداد 852,400.00","تم السداد 639,300.00","تم السداد 639,300.00",غير مستحقة,غير مستحقة,غير مستحقة,غير مستحقة,0,2131000,كاش,13/02/2025,0.3704,DGP0141,7-Feb-25
وليد علي مختار عبدالحليم,7548359957,P-242,DGP-B06-P-242,4118000,0.5206,"20%, 15%, 15%, 20%, 15%, 10%, 5%","تم السداد 823,600.00","تم السداد 617,700.00","تم السداد 617,700.00",غير مستحقة,غير مستحقة,غير مستحقة,غير مستحقة,0,2059000,البنك الأهلي المصري,21/02/2025,0.5206,DGP0142,29-Jan-25
خالد طارق صلاح البنا,5913794460,P-243,DGP-B06-P-243,4864000,0.4832,"20%, 15%, 15%, 20%, 15%, 10%, 5%","تم السداد 972,800.00","تم السداد 729,600.00","تم السداد 729,600.00",غير مستحقة,غير مستحقة,غير مستحقة,غير مستحقة,0,2432000,كريدي أجريكول مصر,26/02/2025,0.4832,DGP0143,25-Mar-25
عادل مختار فؤاد الزيات,9242690729,P-244,DGP-B06-P-244,4559000,0.5384,"20%, 15%, 15%, 20%, 15%, 10%, 5%","تم السداد 911,800.00","تم السداد 683,850.00","تم السداد 683,850.00",غير مستحقة,غير مستحقة,غير مستحقة,غير مستحقة,0,2279500,بنك مصر,09/02/2025,0.5384,DGP0144,17-Feb-25
أشرف طارق عاطف عبدالحميد,7583613861,P-245,DGP-B06-P-245,4762000,0.5332,"20%, 15%, 15%, 20%, 15%, 10%, 5%","تم السداد 952,400.00","تم السداد 714,300.00","تم السداد 714,300.00",غير مستحقة,غير مستحقة,غير مستحقة,غير مستحقة,0,2381000,كاش,30/03/2025,0.5332,DGP0145,27-Mar-25
رامز عبدالله حسين العطار,3484103204,P-246,DGP-B06-P-246,4710000,0.5376,"20%, 15%, 15%, 20%, 15%, 10%, 5%","تم السداد 942,000.00","تم السداد 706,500.00","تم السداد 706,500.00",غير مستحقة,غير مستحقة,غير مستحقة,غير مستحقة,0,2355000,كاش,20/03/2025,0.5376,DGP0146,7-Mar-25
عبدالله رشاد لطفي السعدني,1964596344,P-247,DGP-B06-P-247,4497000,0.5231,"20%, 15%, 15%, 20%, 15%, 10%, 5%","تم السداد 899,400.00","تم السداد 674,550.00","تم السداد 674,550.00",غير مستحقة,غير مستحقة,غير مستحقة,غير مستحقة,0,2248500,كاش,07/03/2025,0.5231,DGP0147,7-Mar-25
عبدالله فتحي سيد المنياوي,1252598009,P-248,DGP-B06-P-248,4905000,0.551,"20%, 15%, 15%, 20%, 15%, 10%, 5%","تم السداد 981,000.00","تم السداد 735,750.00","تم السداد 735,750.00",غير مستحقة,غير مستحقة,غير مستحقة,غير مستحقة,0,2452500,كاش,12/03/2025,0.551,DGP0148,19-Mar-25
أشرف حسين فتحي الوكيل,2721211547,P-249,DGP-B06-P-249,4310000,0.5431,"20%, 15%, 15%, 20%, 15%, 10%, 5%","تم السداد 862,000.00","تم السداد 646,500.00","تم السداد 646,500.00",غير مستحقة,غير مستحقة,غير مستحقة,غير مستحقة,0,2155000,بنك مصر,31/03/2025,0.5431,DGP0149,28-Mar-25
أحمد صلاح كمال الزيني,7692428743,P-250,DGP-B07-P-250,4781000,0.5335,"20%, 15%, 15%, 20%, 15%, 10%, 5%","تم السداد 956,200.00","تم السداد 717,150.00","تم السداد 717,150.00",غير مستحقة,غير مستحقة,غير مستحقة,غير مستحقة,0,2390500,بنك القاهرة,26/03/2025,0.5335,DGP0150,4-Mar-25
حازم نبيل مصطفى شحاتة,9730039976,P-251,DGP-B07-P-251,4733000,0.5386,"20%, 15%, 15%, 20%, 15%, 10%, 5%","تم السداد 946,600.00","تم السداد 709,950.00","تم السداد 709,950.00",غير مستحقة,غير مستحقة,غير مستحقة,غير مستحقة,0,2366500,بنك مصر,17/04/2025,0.5386,DGP0151,28-Mar-25
فادي عبدالرحمن فاروق الوكيل,7687016769,P-252,DGP-B07-P-252,5879000,0.5476,"20%, 15%, 15%, 20%, 15%, 10%, 5%","تم السداد 1,175,800.00","تم السداد 881,850.00","تم السداد 881,850.00",غير مستحقة,غير مستحقة,غير مستحقة,غير مستحقة,0,2939500,البنك التجاري الدولي CIB,26/03/2025,0.5476,DGP0152,19-Mar-25
شريف مصطفى فاروق عبدالمقصود,4535611434,P-253,DGP-B07-P-253,4744000,0.5286,"20%, 15%, 15%, 20%, 15%, 10%, 5%","تم السداد 948,800.00","تم السداد 711,600.00","تم السداد 711,600.00",غير مستحقة,غير مستحقة,غير مستحقة,غير مستحقة,0,2372000,بنك مصر,01/03/2025,0.5286,DGP0153,5-Apr-25
حسام عبدالرحمن فتحي القاضي,4917442600,P-254,DGP-B07-P-254,5970000,0.462,"20%, 15%, 15%, 20%, 15%, 10%, 5%","تم السداد 1,194,000.00","تم السداد 895,500.00","تم السداد 895,500.00",غير مستحقة,غير مستحقة,غير مستحقة,غير مستحقة,0,2985000,بنك القاهرة,24/03/2025,0.462,DGP0154,13-Mar-25
رامي فؤاد محمود لطفي,4539110087,P-255,DGP-B07-P-255,4462000,0.5215,"20%, 15%, 15%, 20%, 15%, 10%, 5%","تم السداد 892,400.00","تم السداد 669,300.00","تم السداد 669,300.00",غير مستحقة,غير مستحقة,غير مستحقة,غير مستحقة,0,2231000,بنك مصر,14/03/2025,0.5215,DGP0155,10-Mar-25
محمد يوسف محمود الإسكندراني,4375908826,P-256,DGP-B07-P-256,4292000,0.5426,"20%, 15%, 15%, 20%, 15%, 10%, 5%","تم السداد 858,400.00","تم السداد 643,800.00","تم السداد 643,800.00",غير مستحقة,غير مستحقة,غير مستحقة,غير مستحقة,0,2146000,بنك مصر,03/04/2025,0.5426,DGP0156,30-Mar-25
إسلام محمد سليمان شحاتة,4593028701,P-257,DGP-B07-P-257,3745000,0.3835,"20%, 15%, 15%, 20%, 15%, 10%, 5%","تم السداد 749,000.00","تم السداد 561,750.00","تم السداد 561,750.00",غير مستحقة,غير مستحقة,غير مستحقة,غير مستحقة,0,1872500,البنك الأهلي المصري,01/04/2025,0.3835,DGP0157,4-Apr-25
حسن حسين فؤاد النجار,5740108313,P-258,DGP-B07-P-258,4698000,0.4401,"20%, 15%, 15%, 20%, 15%, 10%, 5%","تم السداد 939,600.00","تم السداد 704,700.00","تم السداد 704,700.00",غير مستحقة,غير مستحقة,غير مستحقة,غير مستحقة,0,2349000,EGBANK - البنك المصري الخليجي,31/03/2025,0.4401,DGP0158,19-Apr-25
وليد عاطف رشاد الحداد,2475670678,P-259,DGP-B07-P-259,7952000,0.5482,"20%, 15%, 15%, 20%, 15%, 10%, 5%","تم السداد 1,590,400.00","تم السداد 1,192,800.00","تم السداد 1,192,800.00",غير مستحقة,غير مستحقة,غير مستحقة,غير مستحقة,0,3976000,كاش,17/04/2025,0.5482,DGP0159,15-May-25
إبراهيم علي سيد عبدالسلام,5990378091,P-260,DGP-B07-P-260,4396000,0.3618,"20%, 15%, 15%, 20%, 15%, 10%, 5%","تم السداد 879,200.00","تم السداد 659,400.00","تم السداد 659,400.00",غير مستحقة,غير مستحقة,غير مستحقة,غير مستحقة,0,2198000,بنك مصر,22/05/2025,0.3618,DGP0160,16-May-25
هاني حسين سعيد عوض,1515069100,P-261,DGP-B07-P-261,4599000,0.5452,"20%, 15%, 15%, 20%, 15%, 10%, 5%","تم السداد 919,800.00","تم السداد 689,850.00","تم السداد 689,850.00",غير مستحقة,غير مستحقة,غير مستحقة,غير مستحقة,0,2299500,EGBANK - البنك المصري الخليجي,03/05/2025,0.5452,DGP0161,22-May-25
أحمد سليمان حسين حسن,2787691698,P-262,DGP-B07-P-262,5797000,0.5258,"20%, 15%, 15%, 20%, 15%, 10%, 5%","تم السداد 1,159,400.00","تم السداد 869,550.00","تم السداد 869,550.00",غير مستحقة,غير مستحقة,غير مستحقة,غير مستحقة,0,2898500,QNB مصر,05/06/2025,0.5258,DGP0162,7-May-25
حسام إبراهيم جابر أمين,6707721927,P-263,DGP-B07-P-263,4139000,0.5545,"20%, 15%, 15%, 20%, 15%, 10%, 5%","تم السداد 827,800.00","تم السداد 620,850.00","تم السداد 620,850.00",غير مستحقة,غير مستحقة,غير مستحقة,غير مستحقة,0,2069500,البنك التجاري الدولي CIB,15/06/2025,0.5545,DGP0163,10-Jun-25
مارينا صبري صبحي السمان,9815683452,P-264,DGP-B07-P-264,5800000,0.5439,"20%, 15%, 15%, 20%, 15%, 10%, 5%","تم السداد 1,160,000.00","تم السداد 870,000.00","تم السداد 870,000.00",غير مستحقة,غير مستحقة,غير مستحقة,غير مستحقة,0,2900000,كاش,01/09/2025,0.5439,DGP0164,29-Jul-25
سامح حمدي صبحي يونس,4274267959,P-265,DGP-B07-P-265,4228000,0.3658,"20%, 15%, 15%, 20%, 15%, 10%, 5%","تم السداد 845,600.00","تم السداد 634,200.00","تم السداد 634,200.00",غير مستحقة,غير مستحقة,غير مستحقة,غير مستحقة,0,2114000,البنك التجاري الدولي CIB,19/08/2025,0.3658,DGP0165,24-Aug-25
معتز فتحي عادل حسن,7377005357,P-266,DGP-B07-P-266,4812000,0.1866,"20%, 15%, 15%, 20%, 15%, 10%, 5%","تم السداد 962,400.00","721,800.00",غير مستحقة,غير مستحقة,غير مستحقة,غير مستحقة,غير مستحقة,721800,962400,كاش,30/12/2024,0.1866,DGP0166,5-Dec-24
ماجد سيد محمود عبدالحميد,8528136997,P-267,DGP-B07-P-267,4029000,0.2223,"20%, 15%, 15%, 20%, 15%, 10%, 5%","تم السداد 805,800.00","604,350.00",غير مستحقة,غير مستحقة,غير مستحقة,غير مستحقة,غير مستحقة,604350,805800,البنك التجاري الدولي CIB,26/12/2024,0.2223,DGP0167,18-Dec-24
أميرة حسين حمدي داود,3434261512,P-268,DGP-B07-P-268,5402000,0.1885,"20%, 15%, 15%, 20%, 15%, 10%, 5%","تم السداد 1,080,400.00","810,300.00",غير مستحقة,غير مستحقة,غير مستحقة,غير مستحقة,غير مستحقة,810300,1080400,كاش,04/12/2024,0.1885,DGP0168,2-Jan-25
رؤوف مجدي جمال المرسي,4740998448,P-269,DGP-B07-P-269,4903000,0.5088,"20%, 15%, 15%, 20%, 15%, 10%, 5%","تم السداد 980,600.00","تم السداد 735,450.00","735,450.00",غير مستحقة,غير مستحقة,غير مستحقة,غير مستحقة,735450,1716050,بنك مصر,04/01/2025,0.5088,DGP0169,14-Dec-24
حسام إبراهيم سعيد الحداد,1868130288,P-270,DGP-B07-P-270,3977000,0.3061,"20%, 15%, 15%, 20%, 15%, 10%, 5%","تم السداد 795,400.00","596,550.00",غير مستحقة,غير مستحقة,غير مستحقة,غير مستحقة,غير مستحقة,596550,795400,بنك مصر,24/01/2025,0.3061,DGP0170,27-Dec-24
سلمى إسماعيل نبيل حسين,4118113661,P-271,DGP-B07-P-271,5815000,0.214,"20%, 15%, 15%, 20%, 15%, 10%, 5%","تم السداد 1,163,000.00","872,250.00",غير مستحقة,غير مستحقة,غير مستحقة,غير مستحقة,غير مستحقة,872250,1163000,كاش,20/11/2024,0.214,DGP0171,6-Jan-25
شادي صبري علي عبداللطيف,2232132751,P-272,DGP-B07-P-272,4706000,0.1723,"20%, 15%, 15%, 20%, 15%, 10%, 5%","تم السداد 941,200.00","705,900.00",غير مستحقة,غير مستحقة,غير مستحقة,غير مستحقة,غير مستحقة,705900,941200,البنك العربي الأفريقي الدولي,23/01/2025,0.1723,DGP0172,20-Jan-25
مي رمضان خالد فهمي,1014175632,P-273,DGP-B07-P-273,5715000,0.3698,"20%, 15%, 15%, 20%, 15%, 10%, 5%","تم السداد 1,143,000.00","تم السداد 857,250.00","857,250.00",غير مستحقة,غير مستحقة,غير مستحقة,غير مستحقة,857250,2000250,كاش,20/12/2024,0.3698,DGP0173,8-Jan-25
رؤوف عبدالله إبراهيم الشافعي,9978386139,P-274,DGP-B07-P-274,4508000,0.2258,"20%, 15%, 15%, 20%, 15%, 10%, 5%","تم السداد 901,600.00","676,200.00",غير مستحقة,غير مستحقة,غير مستحقة,غير مستحقة,غير مستحقة,676200,901600,كاش,22/01/2025,0.2258,DGP0174,30-Jan-25
معتز إبراهيم جابر بدوي,8012102475,P-275,DGP-B08-P-275,4292000,0.5056,"20%, 15%, 15%, 20%, 15%, 10%, 5%","تم السداد 858,400.00","تم السداد 643,800.00","643,800.00",غير مستحقة,غير مستحقة,غير مستحقة,غير مستحقة,643800,1502200,البنك التجاري الدولي CIB,29/12/2024,0.5056,DGP0175,3-Jan-25
أدهم حمدي جمال القناوي,6570812953,P-276,DGP-B08-P-276,4279000,0.5206,"20%, 15%, 15%, 20%, 15%, 10%, 5%","تم السداد 855,800.00","تم السداد 641,850.00","641,850.00",غير مستحقة,غير مستحقة,غير مستحقة,غير مستحقة,641850,1497650,بنك مصر,08/01/2025,0.5206,DGP0176,17-Jan-25
معتز شوقي سمير حجازي,7206331938,P-277,DGP-B08-P-277,4254000,0.5391,"20%, 15%, 15%, 20%, 15%, 10%, 5%","تم السداد 850,800.00","تم السداد 638,100.00","638,100.00",غير مستحقة,غير مستحقة,غير مستحقة,غير مستحقة,638100,1488900,بنك مصر,19/12/2024,0.5391,DGP0177,4-Jan-25
بيشوي مجدي رمضان الدمرداش,3936495292,P-278,DGP-B08-P-278,3721000,0.3765,"20%, 15%, 15%, 20%, 15%, 10%, 5%","تم السداد 744,200.00","تم السداد 558,150.00","558,150.00",غير مستحقة,غير مستحقة,غير مستحقة,غير مستحقة,558150,1302350,بنك مصر,30/12/2024,0.3765,DGP0178,24-Dec-24
عبدالله حسين مختار البدري,8669783993,P-279,DGP-B08-P-279,5721000,0.2612,"20%, 15%, 15%, 20%, 15%, 10%, 5%","تم السداد 1,144,200.00","858,150.00",غير مستحقة,غير مستحقة,غير مستحقة,غير مستحقة,غير مستحقة,858150,1144200,البنك التجاري الدولي CIB,28/01/2025,0.2612,DGP0179,2-Jan-25
إبراهيم نبيل محمود عبدالمجيد,4975372139,P-280,DGP-B08-P-280,4621000,0.2317,"20%, 15%, 15%, 20%, 15%, 10%, 5%","تم السداد 924,200.00","693,150.00",غير مستحقة,غير مستحقة,غير مستحقة,غير مستحقة,غير مستحقة,693150,924200,بنك مصر,14/01/2025,0.2317,DGP0180,21-Dec-24
حازم سيد عبدالله البدري,5210797708,P-281,DGP-B08-P-281,4210000,0.2041,"20%, 15%, 15%, 20%, 15%, 10%, 5%","تم السداد 842,000.00","631,500.00",غير مستحقة,غير مستحقة,غير مستحقة,غير مستحقة,غير مستحقة,631500,842000,البنك التجاري الدولي CIB,11/02/2025,0.2041,DGP0181,22-Jan-25
نادر فؤاد طارق حسن,4079785051,P-282,DGP-B08-P-282,3690000,0.2366,"20%, 15%, 15%, 20%, 15%, 10%, 5%","تم السداد 738,000.00","553,500.00",غير مستحقة,غير مستحقة,غير مستحقة,غير مستحقة,غير مستحقة,553500,738000,البنك التجاري الدولي CIB,10/02/2025,0.2366,DGP0182,11-Jan-25
إسلام محمود عبدالله المنشاوي,3001777344,P-283,DGP-B08-P-283,4422000,0.2414,"20%, 15%, 15%, 20%, 15%, 10%, 5%","تم السداد 884,400.00","663,300.00",غير مستحقة,غير مستحقة,غير مستحقة,غير مستحقة,غير مستحقة,663300,884400,كريدي أجريكول مصر,13/01/2025,0.2414,DGP0183,18-Dec-24
عبدالرحمن رمضان صبري الشربيني,2451098661,P-284,DGP-B08-P-284,4403000,0.5056,"20%, 15%, 15%, 20%, 15%, 10%, 5%","تم السداد 880,600.00","تم السداد 660,450.00","660,450.00",غير مستحقة,غير مستحقة,غير مستحقة,غير مستحقة,660450,1541050,كاش,10/02/2025,0.5056,DGP0184,30-Jan-25
باسم شوقي سعيد مصطفى,2123067075,P-285,DGP-B08-P-285,3623000,0.515,"20%, 15%, 15%, 20%, 15%, 10%, 5%","تم السداد 724,600.00","تم السداد 543,450.00","543,450.00",غير مستحقة,غير مستحقة,غير مستحقة,غير مستحقة,543450,1268050,بنك القاهرة,30/12/2024,0.515,DGP0185,21-Jan-25
عمر مختار عبدالله فوزي,3254749481,P-286,DGP-B08-P-286,4573000,0.3599,"20%, 15%, 15%, 20%, 15%, 10%, 5%","تم السداد 914,600.00","تم السداد 685,950.00","685,950.00",غير مستحقة,غير مستحقة,غير مستحقة,غير مستحقة,685950,1600550,كاش,25/01/2025,0.3599,DGP0186,6-Jan-25
أشرف سيد صبري حسن,2466932832,P-287,DGP-B08-P-287,4327000,0.3752,"20%, 15%, 15%, 20%, 15%, 10%, 5%","تم السداد 865,400.00","تم السداد 649,050.00","649,050.00",غير مستحقة,غير مستحقة,غير مستحقة,غير مستحقة,649050,1514450,كاش,12/01/2025,0.3752,DGP0187,31-Jan-25
زياد نبيل أحمد رمضان,2583893026,P-288,DGP-B08-P-288,4179000,0.5308,"20%, 15%, 15%, 20%, 15%, 10%, 5%","تم السداد 835,800.00","تم السداد 626,850.00","626,850.00",غير مستحقة,غير مستحقة,غير مستحقة,غير مستحقة,626850,1462650,البنك التجاري الدولي CIB,22/01/2025,0.5308,DGP0188,12-Jan-25
رامي عبدالرحمن حسين سالم,7825661447,P-289,DGP-B08-P-289,4618000,0.5377,"20%, 15%, 15%, 20%, 15%, 10%, 5%","تم السداد 923,600.00","تم السداد 692,700.00","692,700.00",غير مستحقة,غير مستحقة,غير مستحقة,غير مستحقة,692700,1616300,البنك التجاري الدولي CIB,19/02/2025,0.5377,DGP0189,22-Jan-25
حازم رشاد سمير رمضان,7486133403,P-290,DGP-B08-P-290,4752000,0.445,"20%, 15%, 15%, 20%, 15%, 10%, 5%","تم السداد 950,400.00","تم السداد 712,800.00","712,800.00",غير مستحقة,غير مستحقة,غير مستحقة,غير مستحقة,712800,1663200,البنك التجاري الدولي CIB,09/01/2025,0.445,DGP0190,30-Jan-25
رامي عاطف صبحي الحداد,8642635845,P-291,DGP-B08-P-291,3663000,0.3422,"20%, 15%, 15%, 20%, 15%, 10%, 5%","تم السداد 732,600.00","549,450.00",غير مستحقة,غير مستحقة,غير مستحقة,غير مستحقة,غير مستحقة,549450,732600,البنك التجاري الدولي CIB,13/02/2025,0.3422,DGP0191,13-Jan-25
محمود لطفي مختار مصطفى,5726138991,P-292,DGP-B08-P-292,3551000,0.511,"20%, 15%, 15%, 20%, 15%, 10%, 5%","تم السداد 710,200.00","تم السداد 532,650.00","532,650.00",غير مستحقة,غير مستحقة,غير مستحقة,غير مستحقة,532650,1242850,البنك التجاري الدولي CIB,27/02/2025,0.511,DGP0192,22-Feb-25
ميرنا صبحي عبدالله الجندي,5844217219,P-293,DGP-B08-P-293,5307000,0.3537,"20%, 15%, 15%, 20%, 15%, 10%, 5%","تم السداد 1,061,400.00","796,050.00",غير مستحقة,غير مستحقة,غير مستحقة,غير مستحقة,غير مستحقة,796050,1061400,البنك التجاري الدولي CIB,21/02/2025,0.3537,DGP0193,30-Jan-25
حازم خالد رمضان الرفاعي,5042393609,P-294,DGP-B08-P-294,4117000,0.5204,"20%, 15%, 15%, 20%, 15%, 10%, 5%","تم السداد 823,400.00","تم السداد 617,550.00","617,550.00",غير مستحقة,غير مستحقة,غير مستحقة,غير مستحقة,617550,1440950,كريدي أجريكول مصر,10/02/2025,0.5204,DGP0194,31-Jan-25
مجدي مختار عاطف إبراهيم,2103418498,P-295,DGP-B08-P-295,3732000,0.5325,"20%, 15%, 15%, 20%, 15%, 10%, 5%","تم السداد 746,400.00","تم السداد 559,800.00","559,800.00",غير مستحقة,غير مستحقة,غير مستحقة,غير مستحقة,559800,1306200,بنك مصر,18/01/2025,0.5325,DGP0195,21-Jan-25
كريم فؤاد رمضان الجمل,8695245478,P-296,DGP-B08-P-296,4431000,0.3662,"20%, 15%, 15%, 20%, 15%, 10%, 5%","تم السداد 886,200.00","تم السداد 664,650.00","664,650.00",غير مستحقة,غير مستحقة,غير مستحقة,غير مستحقة,664650,1550850,كاش,14/02/2025,0.3662,DGP0196,5-Feb-25
عادل عبدالله حمدي الجمل,1150537007,P-297,DGP-B08-P-297,4463000,0.2165,"20%, 15%, 15%, 20%, 15%, 10%, 5%","تم السداد 892,600.00","669,450.00",غير مستحقة,غير مستحقة,غير مستحقة,غير مستحقة,غير مستحقة,669450,892600,البنك التجاري الدولي CIB,24/01/2025,0.2165,DGP0197,21-Feb-25
حسن رشاد سليمان عبدالحليم,5451109542,P-298,DGP-B08-P-298,5601000,0.524,"20%, 15%, 15%, 20%, 15%, 10%, 5%","تم السداد 1,120,200.00","تم السداد 840,150.00","840,150.00",غير مستحقة,غير مستحقة,غير مستحقة,غير مستحقة,840150,1960350,البنك التجاري الدولي CIB,07/03/2025,0.524,DGP0198,18-May-25
علي إبراهيم عصام بدوي,7112920664,P-299,DGP-B08-P-299,4254000,0.5042,"20%, 15%, 15%, 20%, 15%, 10%, 5%","تم السداد 850,800.00","638,100.00","638,100.00",غير مستحقة,غير مستحقة,غير مستحقة,غير مستحقة,1276200,850800,البنك العربي الأفريقي الدولي,12/02/2025,0.5042,DGP0199,4-Feb-25
إسلام رجب جابر الزيني,3688878930,P-300,DGP-B09-P-300,3826000,0.3108,"20%, 15%, 15%, 20%, 15%, 10%, 5%","تم السداد 765,200.00","573,900.00",غير مستحقة,غير مستحقة,غير مستحقة,غير مستحقة,غير مستحقة,573900,765200,البنك التجاري الدولي CIB,13/02/2025,0.3108,DGP0200,13-Jan-25
شريف فتحي أحمد يونس,4395999346,P-301,DGP-B09-P-301,4614000,0.3342,"20%, 15%, 15%, 20%, 15%, 10%, 5%","تم السداد 922,800.00","692,100.00",غير مستحقة,غير مستحقة,غير مستحقة,غير مستحقة,غير مستحقة,692100,922800,كاش,21/01/2025,0.3342,DGP0201,2-Feb-25
مصطفى رمضان لطفي العطار,9680805712,P-302,DGP-B09-P-302,5566000,0.4453,"20%, 15%, 15%, 20%, 15%, 10%, 5%","تم السداد 1,113,200.00","تم السداد 834,900.00","834,900.00",غير مستحقة,غير مستحقة,غير مستحقة,غير مستحقة,834900,1948100,كاش,08/03/2025,0.4453,DGP0202,6-Mar-25
بيشوي علي رمضان عبدالفتاح,9918060202,P-303,DGP-B09-P-303,4497000,0.2242,"20%, 15%, 15%, 20%, 15%, 10%, 5%","تم السداد 899,400.00","674,550.00",غير مستحقة,غير مستحقة,غير مستحقة,غير مستحقة,غير مستحقة,674550,899400,البنك التجاري الدولي CIB,14/03/2025,0.2242,DGP0203,23-Feb-25
فادي عصام سعيد عبدالحميد,3608477240,P-304,DGP-B09-P-304,5061000,0.3535,"20%, 15%, 15%, 20%, 15%, 10%, 5%","تم السداد 1,012,200.00","759,150.00",غير مستحقة,غير مستحقة,غير مستحقة,غير مستحقة,غير مستحقة,759150,1012200,البنك التجاري الدولي CIB,25/02/2025,0.3535,DGP0204,8-Mar-25
مجدي سليمان فؤاد السمان,7309515080,P-305,DGP-B09-P-305,4791000,0.3594,"20%, 15%, 15%, 20%, 15%, 10%, 5%","تم السداد 958,200.00","تم السداد 718,650.00","718,650.00",غير مستحقة,غير مستحقة,غير مستحقة,غير مستحقة,718650,1676850,كاش,01/02/2025,0.3594,DGP0205,3-Feb-25
أحمد حسين صبحي الدمرداش,3894403840,P-306,DGP-B09-P-306,4228000,0.342,"20%, 15%, 15%, 20%, 15%, 10%, 5%","تم السداد 845,600.00","تم السداد 634,200.00","634,200.00",غير مستحقة,غير مستحقة,غير مستحقة,غير مستحقة,634200,1479800,كاش,03/03/2025,0.342,DGP0206,11-Feb-25
أدهم خالد أحمد سليمان,8398919205,P-307,DGP-B09-P-307,6228000,0.5539,"20%, 15%, 15%, 20%, 15%, 10%, 5%","تم السداد 1,245,600.00","تم السداد 934,200.00","934,200.00",غير مستحقة,غير مستحقة,غير مستحقة,غير مستحقة,934200,2179800,EGBANK - البنك المصري الخليجي,11/03/2025,0.5539,DGP0207,2-Mar-25
أدهم إبراهيم حمدي البنا,4041126370,P-308,DGP-B09-P-308,6301000,0.2855,"20%, 15%, 15%, 20%, 15%, 10%, 5%","تم السداد 1,260,200.00","945,150.00",غير مستحقة,غير مستحقة,غير مستحقة,غير مستحقة,غير مستحقة,945150,1260200,بنك مصر,20/03/2025,0.2855,DGP0208,17-Feb-25
هشام رجب جابر عوض,4595955416,P-309,DGP-B09-P-309,4369000,0.2183,"20%, 15%, 15%, 20%, 15%, 10%, 5%","تم السداد 873,800.00","655,350.00",غير مستحقة,غير مستحقة,غير مستحقة,غير مستحقة,غير مستحقة,655350,873800,البنك التجاري الدولي CIB,09/03/2025,0.2183,DGP0209,28-Jan-25
أدهم علي سيد يونس,6003348721,P-310,DGP-B09-P-310,4494000,0.5028,"20%, 15%, 15%, 20%, 15%, 10%, 5%","تم السداد 898,800.00","تم السداد 674,100.00","674,100.00",غير مستحقة,غير مستحقة,غير مستحقة,غير مستحقة,674100,1572900,بنك مصر,27/02/2025,0.5028,DGP0210,21-Mar-25
علاء محمود رمضان عبدالرازق,6259447665,P-311,DGP-B09-P-311,4369000,0.4654,"20%, 15%, 15%, 20%, 15%, 10%, 5%","تم السداد 873,800.00","تم السداد 655,350.00","655,350.00",غير مستحقة,غير مستحقة,غير مستحقة,غير مستحقة,655350,1529150,البنك التجاري الدولي CIB,25/03/2025,0.4654,DGP0211,15-Mar-25
مصطفى طارق عصام صادق,9200737892,P-312,DGP-B09-P-312,3689000,0.2513,"20%, 15%, 15%, 20%, 15%, 10%, 5%","تم السداد 737,800.00","553,350.00",غير مستحقة,غير مستحقة,غير مستحقة,غير مستحقة,غير مستحقة,553350,737800,بنك مصر,11/03/2025,0.2513,DGP0212,15-Mar-25
أشرف سليمان سيد حجازي,6604837605,P-313,DGP-B09-P-313,5865000,0.5122,"20%, 15%, 15%, 20%, 15%, 10%, 5%","تم السداد 1,173,000.00","879,750.00","879,750.00",غير مستحقة,غير مستحقة,غير مستحقة,غير مستحقة,1759500,1173000,كاش,16/02/2025,0.5122,DGP0213,22-Mar-25
إسلام صبري سليمان خليل,1326381148,P-314,DGP-B09-P-314,4327000,0.541,"20%, 15%, 15%, 20%, 15%, 10%, 5%","تم السداد 865,400.00","تم السداد 649,050.00","649,050.00",غير مستحقة,غير مستحقة,غير مستحقة,غير مستحقة,649050,1514450,كاش,04/04/2025,0.541,DGP0214,15-Feb-25
ميرنا صلاح محمد الشرقاوي,4797257980,P-315,DGP-B09-P-315,6799000,0.5292,"20%, 15%, 15%, 20%, 15%, 10%, 5%","تم السداد 1,359,800.00","تم السداد 1,019,850.00","1,019,850.00",غير مستحقة,غير مستحقة,غير مستحقة,غير مستحقة,1019850,2379650,كاش,28/03/2025,0.5292,DGP0215,26-Mar-25
رامي حمدي عادل عبداللطيف,6267816480,P-316,DGP-B09-P-316,4830000,0.4307,"20%, 15%, 15%, 20%, 15%, 10%, 5%","تم السداد 966,000.00","تم السداد 724,500.00","724,500.00",غير مستحقة,غير مستحقة,غير مستحقة,غير مستحقة,724500,1690500,كاش,17/02/2025,0.4307,DGP0216,23-Feb-25
محمود رمضان خالد فهمي,7734725364,P-317,DGP-B09-P-317,4574000,0.5034,"20%, 15%, 15%, 20%, 15%, 10%, 5%","تم السداد 914,800.00","تم السداد 686,100.00","686,100.00",غير مستحقة,غير مستحقة,غير مستحقة,غير مستحقة,686100,1600900,بنك مصر,24/03/2025,0.5034,DGP0217,18-Feb-25
حسن عاطف نبيل البدري,3317968936,P-318,DGP-B09-P-318,5667000,0,"20%, 15%, 15%, 20%, 15%, 10%, 5%","1,133,400.00",غير مستحقة,غير مستحقة,غير مستحقة,غير مستحقة,غير مستحقة,غير مستحقة,1133400,0,كاش,06/04/2025,0,DGP0218,5-Mar-25
نادر محمود فؤاد البحيري,3242655206,P-319,DGP-B09-P-319,3838000,0.3219,"20%, 15%, 15%, 20%, 15%, 10%, 5%","تم السداد 767,600.00","575,700.00",غير مستحقة,غير مستحقة,غير مستحقة,غير مستحقة,غير مستحقة,575700,767600,بنك القاهرة,01/03/2025,0.3219,DGP0219,24-Mar-25
ياسين عاطف عبدالرحمن الشرقاوي,9659458088,P-320,DGP-B09-P-320,4586000,0.4213,"20%, 15%, 15%, 20%, 15%, 10%, 5%","تم السداد 917,200.00","تم السداد 687,900.00","687,900.00",غير مستحقة,غير مستحقة,غير مستحقة,غير مستحقة,687900,1605100,كاش,17/03/2025,0.4213,DGP0220,16-Mar-25
أحمد مختار فؤاد عبدالحليم,2544947007,P-321,DGP-B09-P-321,6043000,0.5534,"20%, 15%, 15%, 20%, 15%, 10%, 5%","تم السداد 1,208,600.00","تم السداد 906,450.00","906,450.00",غير مستحقة,غير مستحقة,غير مستحقة,غير مستحقة,906450,2115050,بنك مصر,14/03/2025,0.5534,DGP0221,6-Mar-25
معتز مجدي حسين المصري,4620169544,P-322,DGP-B09-P-322,4479000,0.3784,"20%, 15%, 15%, 20%, 15%, 10%, 5%","تم السداد 895,800.00","تم السداد 671,850.00","671,850.00",غير مستحقة,غير مستحقة,غير مستحقة,غير مستحقة,671850,1567650,كاش,25/02/2025,0.3784,DGP0222,11-Mar-25
مصطفى صلاح فاروق مراد,7687251655,P-323,DGP-B09-P-323,4390000,0.2456,"20%, 15%, 15%, 20%, 15%, 10%, 5%","تم السداد 878,000.00","658,500.00",غير مستحقة,غير مستحقة,غير مستحقة,غير مستحقة,غير مستحقة,658500,878000,كاش,20/04/2025,0.2456,DGP0223,13-Mar-25
زياد فتحي عبدالله العطار,8720192108,P-324,DGP-B09-P-324,4461000,0.2176,"20%, 15%, 15%, 20%, 15%, 10%, 5%","تم السداد 892,200.00","669,150.00",غير مستحقة,غير مستحقة,غير مستحقة,غير مستحقة,غير مستحقة,669150,892200,البنك التجاري الدولي CIB,05/04/2025,0.2176,DGP0224,17-Mar-25
إبراهيم يوسف كمال مراد,1034362322,P-325,DGP-B10-P-325,4665000,0.3535,"20%, 15%, 15%, 20%, 15%, 10%, 5%","تم السداد 933,000.00","699,750.00","699,750.00",غير مستحقة,غير مستحقة,غير مستحقة,غير مستحقة,1399500,933000,EGBANK - البنك المصري الخليجي,17/04/2025,0.3535,DGP0225,28-Feb-25
هاني صبحي فؤاد الإسكندراني,2397345643,P-326,DGP-B10-P-326,5770000,0.228,"20%, 15%, 15%, 20%, 15%, 10%, 5%","تم السداد 1,154,000.00","865,500.00",غير مستحقة,غير مستحقة,غير مستحقة,غير مستحقة,غير مستحقة,865500,1154000,بنك القاهرة,14/03/2025,0.228,DGP0226,6-Mar-25
حسين سعيد حسن البدري,6802761443,P-327,DGP-B10-P-327,4906000,0.2337,"20%, 15%, 15%, 20%, 15%, 10%, 5%","تم السداد 981,200.00","735,900.00",غير مستحقة,غير مستحقة,غير مستحقة,غير مستحقة,غير مستحقة,735900,981200,كاش,26/04/2025,0.2337,DGP0227,6-Mar-25
طارق فتحي جمال خليل,6715461315,P-328,DGP-B10-P-328,4620000,0.5164,"20%, 15%, 15%, 20%, 15%, 10%, 5%","تم السداد 924,000.00","تم السداد 693,000.00","693,000.00",غير مستحقة,غير مستحقة,غير مستحقة,غير مستحقة,693000,1617000,بنك مصر,24/03/2025,0.5164,DGP0228,11-Apr-25
رامز علي خالد إبراهيم,9865228940,P-329,DGP-B10-P-329,5732000,0.5159,"20%, 15%, 15%, 20%, 15%, 10%, 5%","تم السداد 1,146,400.00","859,800.00","859,800.00",غير مستحقة,غير مستحقة,غير مستحقة,غير مستحقة,1719600,1146400,كاش,04/05/2025,0.5159,DGP0229,11-Apr-25
كريم فاروق محمود فهمي,6026067650,P-330,DGP-B10-P-330,6671000,0.3476,"20%, 15%, 15%, 20%, 15%, 10%, 5%","تم السداد 1,334,200.00","1,000,650.00",غير مستحقة,غير مستحقة,غير مستحقة,غير مستحقة,غير مستحقة,1000650,1334200,كاش,26/03/2025,0.3476,DGP0230,25-Mar-25
عبدالرحمن إسماعيل حسين عبدالحليم,9254458036,P-331,DGP-B10-P-331,4643000,0.5218,"20%, 15%, 15%, 20%, 15%, 10%, 5%","تم السداد 928,600.00","تم السداد 696,450.00","696,450.00",غير مستحقة,غير مستحقة,غير مستحقة,غير مستحقة,696450,1625050,بنك القاهرة,23/04/2025,0.5218,DGP0231,22-Mar-25
نور رشاد صبحي السمان,3924491965,P-332,DGP-B10-P-332,4024000,0.5416,"20%, 15%, 15%, 20%, 15%, 10%, 5%","تم السداد 804,800.00","تم السداد 603,600.00","603,600.00",غير مستحقة,غير مستحقة,غير مستحقة,غير مستحقة,603600,1408400,بنك مصر,26/04/2025,0.5416,DGP0232,4-Apr-25
عبدالله مختار فتحي داود,2578041105,P-333,DGP-B10-P-333,3777000,0.343,"20%, 15%, 15%, 20%, 15%, 10%, 5%","تم السداد 755,400.00","تم السداد 566,550.00","566,550.00",غير مستحقة,غير مستحقة,غير مستحقة,غير مستحقة,566550,1321950,بنك مصر,04/05/2025,0.343,DGP0233,7-May-25
وليد رجب حمدي البدري,8335524665,P-334,DGP-B10-P-334,4164000,0.2356,"20%, 15%, 15%, 20%, 15%, 10%, 5%","تم السداد 832,800.00","624,600.00",غير مستحقة,غير مستحقة,غير مستحقة,غير مستحقة,غير مستحقة,624600,832800,كاش,07/05/2025,0.2356,DGP0234,22-May-25
عمرو إسماعيل عصام شاكر,5605673769,P-335,DGP-B10-P-335,5365000,0.5189,"20%, 15%, 15%, 20%, 15%, 10%, 5%","تم السداد 1,073,000.00","804,750.00","804,750.00",غير مستحقة,غير مستحقة,غير مستحقة,غير مستحقة,1609500,1073000,كاش,22/05/2025,0.5189,DGP0235,21-Apr-25
ماجد حمدي صلاح عبدالفتاح,9993381569,P-336,DGP-B10-P-336,5855000,0.4604,"20%, 15%, 15%, 20%, 15%, 10%, 5%","تم السداد 1,171,000.00","تم السداد 878,250.00","878,250.00",غير مستحقة,غير مستحقة,غير مستحقة,غير مستحقة,878250,2049250,EGBANK - البنك المصري الخليجي,07/05/2025,0.4604,DGP0236,3-May-25
إسراء مصطفى شوقي داود,9459260208,P-337,DGP-B10-P-337,4307000,0.2147,"20%, 15%, 15%, 20%, 15%, 10%, 5%","تم السداد 861,400.00","646,050.00",غير مستحقة,غير مستحقة,غير مستحقة,غير مستحقة,غير مستحقة,646050,861400,كاش,30/04/2025,0.2147,DGP0237,9-May-25
آية سمير صبري الزيني,9328705115,P-338,DGP-B10-P-338,3973000,0.2081,"20%, 15%, 15%, 20%, 15%, 10%, 5%","تم السداد 794,600.00","595,950.00",غير مستحقة,غير مستحقة,غير مستحقة,غير مستحقة,غير مستحقة,595950,794600,QNB مصر,15/05/2025,0.2081,DGP0238,9-Jun-25
مينا صلاح جمال الدسوقي,9962500721,P-339,DGP-B10-P-339,5238000,0.3329,"20%, 15%, 15%, 20%, 15%, 10%, 5%","تم السداد 1,047,600.00","785,700.00",غير مستحقة,غير مستحقة,غير مستحقة,غير مستحقة,غير مستحقة,785700,1047600,EGBANK - البنك المصري الخليجي,03/07/2025,0.3329,DGP0239,9-Jun-25
ياسين صلاح علي حبيب,2041326219,P-340,DGP-B10-P-340,6255000,0.4504,"20%, 15%, 15%, 20%, 15%, 10%, 5%","تم السداد 1,251,000.00","938,250.00","938,250.00",غير مستحقة,غير مستحقة,غير مستحقة,غير مستحقة,1876500,1251000,كاش,21/07/2025,0.4504,DGP0240,14-Jul-25
طارق جابر عاطف الجمل,9214808928,P-341,DGP-B10-P-341,4279000,0.2153,"20%, 15%, 15%, 20%, 15%, 10%, 5%","تم السداد 855,800.00","641,850.00",غير مستحقة,غير مستحقة,غير مستحقة,غير مستحقة,غير مستحقة,641850,855800,EGBANK - البنك المصري الخليجي,02/11/2025,0.2153,DGP0241,26-Sep-25
عمرو حسن إبراهيم فوزي,4407213087,P-342,DGP-B10-P-342,3772000,0.2248,"20%, 15%, 15%, 20%, 15%, 10%, 5%","تم السداد 754,400.00","565,800.00",غير مستحقة,غير مستحقة,غير مستحقة,غير مستحقة,غير مستحقة,565800,754400,كريدي أجريكول مصر,01/12/2025,0.2248,DGP0242,19-Dec-25
مروان سيد رمضان شحاتة,9803369911,P-343,DGP-B10-P-343,4694000,0.542,"20%, 15%, 15%, 20%, 15%, 10%, 5%","938,800.00","704,100.00","704,100.00",غير مستحقة,غير مستحقة,غير مستحقة,غير مستحقة,2347000,0,البنك العربي الأفريقي الدولي,23/06/2026,0.542,DGP0243,21-Jun-26
رامي كمال رشاد البدري,2030831295,P-344,DGP-B10-P-344,4192000,0.5585,"20%, 15%, 15%, 20%, 15%, 10%, 5%","تم السداد 838,400.00","تم السداد 628,800.00","تم السداد 628,800.00","838,400.00",غير مستحقة,غير مستحقة,غير مستحقة,838400,2096000,بنك مصر,13/12/2024,0.5585,DGP0244,9-Jan-25
نادر إسماعيل فؤاد النجار,6834071486,P-345,DGP-B10-P-345,4233000,0.5481,"20%, 15%, 15%, 20%, 15%, 10%, 5%","تم السداد 846,600.00","تم السداد 634,950.00","تم السداد 634,950.00","تم السداد 846,600.00",غير مستحقة,غير مستحقة,غير مستحقة,0,2963100,بنك مصر,04/01/2025,0.5481,DGP0245,11-Dec-24
ياسين حسين فاروق محمود,7816237357,P-346,DGP-B10-P-346,5400000,0.5544,"20%, 15%, 15%, 20%, 15%, 10%, 5%","تم السداد 1,080,000.00","تم السداد 810,000.00","تم السداد 810,000.00","1,080,000.00",غير مستحقة,غير مستحقة,غير مستحقة,1080000,2700000,كاش,21/01/2025,0.5544,DGP0246,3-Feb-25
معتز مصطفى فؤاد عبدالعال,7755931142,P-347,DGP-B10-P-347,5280000,0.5534,"20%, 15%, 15%, 20%, 15%, 10%, 5%","تم السداد 1,056,000.00","تم السداد 792,000.00","تم السداد 792,000.00","1,056,000.00",غير مستحقة,غير مستحقة,غير مستحقة,1056000,2640000,كاش,24/01/2025,0.5534,DGP0247,27-Dec-24
نادر علي سيد عبداللطيف,9286955390,P-348,DGP-B10-P-348,4395000,0.5558,"20%, 15%, 15%, 20%, 15%, 10%, 5%","تم السداد 879,000.00","تم السداد 659,250.00","تم السداد 659,250.00","تم السداد 879,000.00",غير مستحقة,غير مستحقة,غير مستحقة,0,3076500,EGBANK - البنك المصري الخليجي,24/01/2025,0.5558,DGP0248,8-Jan-25
إسلام لطفي رمضان مراد,2048659928,P-349,DGP-B10-P-349,4729000,0.572,"20%, 15%, 15%, 20%, 15%, 10%, 5%","تم السداد 945,800.00","تم السداد 709,350.00","تم السداد 709,350.00","تم السداد 945,800.00",غير مستحقة,غير مستحقة,غير مستحقة,0,3310300,البنك الأهلي المصري,19/01/2025,0.572,DGP0249,10-Jan-25
عبدالرحمن سعيد عبدالله شحاتة,1816419106,P-350,DGP-B11-P-350,5709000,0.5789,"20%, 15%, 15%, 20%, 15%, 10%, 5%","تم السداد 1,141,800.00","تم السداد 856,350.00","تم السداد 856,350.00","تم السداد 1,141,800.00",غير مستحقة,غير مستحقة,غير مستحقة,0,3996300,كاش,31/12/2024,0.5789,DGP0250,10-Jan-25
طارق سليمان عادل عبدالسلام,5971201833,P-351,DGP-B11-P-351,3816000,0.5434,"20%, 15%, 15%, 20%, 15%, 10%, 5%","تم السداد 763,200.00","تم السداد 572,400.00","تم السداد 572,400.00","تم السداد 763,200.00",غير مستحقة,غير مستحقة,غير مستحقة,0,2671200,البنك الأهلي المصري,20/01/2025,0.5434,DGP0251,29-Jan-25
عمر سيد خالد المنشاوي,7316833013,P-352,DGP-B11-P-352,4587000,0.5551,"20%, 15%, 15%, 20%, 15%, 10%, 5%","تم السداد 917,400.00","تم السداد 688,050.00","تم السداد 688,050.00","تم السداد 917,400.00",غير مستحقة,غير مستحقة,غير مستحقة,0,3210900,البنك الأهلي المصري,02/02/2025,0.5551,DGP0252,9-Jan-25
جورج إبراهيم شوقي حبيب,8995868924,P-353,DGP-B11-P-353,4005000,0.572,"20%, 15%, 15%, 20%, 15%, 10%, 5%","تم السداد 801,000.00","تم السداد 600,750.00","تم السداد 600,750.00","تم السداد 801,000.00",غير مستحقة,غير مستحقة,غير مستحقة,0,2803500,البنك الأهلي المصري,24/01/2025,0.572,DGP0253,9-Feb-25
أحمد فؤاد رجب فهمي,7482240011,P-354,DGP-B11-P-354,3960000,0.5493,"20%, 15%, 15%, 20%, 15%, 10%, 5%","تم السداد 792,000.00","تم السداد 594,000.00","تم السداد 594,000.00","تم السداد 792,000.00",غير مستحقة,غير مستحقة,غير مستحقة,0,2772000,البنك الأهلي المصري,19/02/2025,0.5493,DGP0254,15-Feb-25
شريف فؤاد يوسف علي,5307685686,P-355,DGP-B11-P-355,5838000,0.5706,"20%, 15%, 15%, 20%, 15%, 10%, 5%","تم السداد 1,167,600.00","875,700.00","875,700.00","1,167,600.00",غير مستحقة,غير مستحقة,غير مستحقة,2919000,1167600,كاش,25/01/2025,0.5706,DGP0255,13-Jan-25
إبراهيم كمال عبدالله العطار,6661150541,P-356,DGP-B11-P-356,4010000,0.5762,"20%, 15%, 15%, 20%, 15%, 10%, 5%","تم السداد 802,000.00","تم السداد 601,500.00","تم السداد 601,500.00","تم السداد 802,000.00",غير مستحقة,غير مستحقة,غير مستحقة,0,2807000,البنك الأهلي المصري,04/01/2025,0.5762,DGP0256,15-Feb-25
شادي فاروق حمدي شحاتة,8529991758,P-357,DGP-B11-P-357,5150000,0.5753,"20%, 15%, 15%, 20%, 15%, 10%, 5%","تم السداد 1,030,000.00","تم السداد 772,500.00","تم السداد 772,500.00","تم السداد 1,030,000.00",غير مستحقة,غير مستحقة,غير مستحقة,0,3605000,البنك الأهلي المصري,28/01/2025,0.5753,DGP0257,21-Jan-25
إسلام فؤاد طارق حسين,5589193910,P-358,DGP-B11-P-358,5370000,0.5696,"20%, 15%, 15%, 20%, 15%, 10%, 5%","تم السداد 1,074,000.00","تم السداد 805,500.00","تم السداد 805,500.00","تم السداد 1,074,000.00",غير مستحقة,غير مستحقة,غير مستحقة,0,3759000,البنك التجاري الدولي CIB,19/02/2025,0.5696,DGP0258,23-Feb-25
مصطفى عادل إبراهيم عبدالعال,6341791418,P-359,DGP-B11-P-359,4529000,0.5642,"20%, 15%, 15%, 20%, 15%, 10%, 5%","تم السداد 905,800.00","تم السداد 679,350.00","تم السداد 679,350.00","تم السداد 905,800.00",غير مستحقة,غير مستحقة,غير مستحقة,0,3170300,البنك الأهلي المصري,14/01/2025,0.5642,DGP0259,15-Jan-25
أشرف علي طارق عبدالرازق,6675535525,P-360,DGP-B11-P-360,5415000,0.5469,"20%, 15%, 15%, 20%, 15%, 10%, 5%","تم السداد 1,083,000.00","تم السداد 812,250.00","تم السداد 812,250.00","1,083,000.00",غير مستحقة,غير مستحقة,غير مستحقة,1083000,2707500,كاش,13/02/2025,0.5469,DGP0260,27-Jan-25
مينا عبدالله سيد عبدالمقصود,1027621234,P-361,DGP-B11-P-361,4868000,0.5729,"20%, 15%, 15%, 20%, 15%, 10%, 5%","تم السداد 973,600.00","تم السداد 730,200.00","تم السداد 730,200.00","973,600.00",غير مستحقة,غير مستحقة,غير مستحقة,973600,2434000,البنك التجاري الدولي CIB,04/02/2025,0.5729,DGP0261,26-Jan-25
حسن إبراهيم رشاد صلاح,5678398501,P-362,DGP-B11-P-362,5889000,0.5647,"20%, 15%, 15%, 20%, 15%, 10%, 5%","تم السداد 1,177,800.00","تم السداد 883,350.00","تم السداد 883,350.00","1,177,800.00",غير مستحقة,غير مستحقة,غير مستحقة,1177800,2944500,البنك التجاري الدولي CIB,09/02/2025,0.5647,DGP0262,22-Jan-25
رامز فؤاد رمضان فوزي,8145870494,P-363,DGP-B11-P-363,5127000,0.5789,"20%, 15%, 15%, 20%, 15%, 10%, 5%","تم السداد 1,025,400.00","تم السداد 769,050.00","تم السداد 769,050.00","1,025,400.00",غير مستحقة,غير مستحقة,غير مستحقة,1025400,2563500,كاش,27/02/2025,0.5789,DGP0263,29-Jan-25
شريف أحمد كمال جابر,2443487657,P-364,DGP-B11-P-364,5560000,0.558,"20%, 15%, 15%, 20%, 15%, 10%, 5%","تم السداد 1,112,000.00","تم السداد 834,000.00","تم السداد 834,000.00","تم السداد 1,112,000.00",غير مستحقة,غير مستحقة,غير مستحقة,0,3892000,كاش,25/02/2025,0.558,DGP0264,14-Feb-25
سامي فتحي فاروق داود,2859685236,P-365,DGP-B11-P-365,6194000,0.5681,"20%, 15%, 15%, 20%, 15%, 10%, 5%","تم السداد 1,238,800.00","تم السداد 929,100.00","تم السداد 929,100.00","1,238,800.00",غير مستحقة,غير مستحقة,غير مستحقة,1238800,3097000,كاش,11/02/2025,0.5681,DGP0265,27-Feb-25
أحمد إسماعيل رشاد الوكيل,2523563782,P-366,DGP-B11-P-366,5503000,0.5733,"20%, 15%, 15%, 20%, 15%, 10%, 5%","تم السداد 1,100,600.00","تم السداد 825,450.00","تم السداد 825,450.00","تم السداد 1,100,600.00",غير مستحقة,غير مستحقة,غير مستحقة,0,3852100,البنك التجاري الدولي CIB,04/02/2025,0.5733,DGP0266,27-Feb-25
حسام فتحي محمود عوض,3333697314,P-367,DGP-B11-P-367,5571000,0.5835,"20%, 15%, 15%, 20%, 15%, 10%, 5%","تم السداد 1,114,200.00","تم السداد 835,650.00","تم السداد 835,650.00","تم السداد 1,114,200.00",غير مستحقة,غير مستحقة,غير مستحقة,0,3899700,البنك الأهلي المصري,12/03/2025,0.5835,DGP0267,18-Mar-25
رؤوف لطفي رجب شحاتة,5609006146,P-368,DGP-B11-P-368,6310000,0.6133,"20%, 15%, 15%, 20%, 15%, 10%, 5%","تم السداد 1,262,000.00","تم السداد 946,500.00","تم السداد 946,500.00","تم السداد 1,262,000.00",غير مستحقة,غير مستحقة,غير مستحقة,0,4417000,كاش,11/03/2025,0.6133,DGP0268,4-Feb-25
ماجد فؤاد فاروق الزيني,3972732818,P-369,DGP-B11-P-369,5999000,0.5594,"20%, 15%, 15%, 20%, 15%, 10%, 5%","تم السداد 1,199,800.00","تم السداد 899,850.00","تم السداد 899,850.00","تم السداد 1,199,800.00",غير مستحقة,غير مستحقة,غير مستحقة,0,4199300,بنك القاهرة,10/03/2025,0.5594,DGP0269,23-Mar-25
معتز صبري خالد منصور,6507133848,P-370,DGP-B11-P-370,5108000,0.5704,"20%, 15%, 15%, 20%, 15%, 10%, 5%","تم السداد 1,021,600.00","تم السداد 766,200.00","تم السداد 766,200.00","تم السداد 1,021,600.00",غير مستحقة,غير مستحقة,غير مستحقة,0,3575600,EGBANK - البنك المصري الخليجي,22/04/2025,0.5704,DGP0270,15-Mar-25
عمرو عبدالرحمن رجب محمود,6055999021,P-371,DGP-B11-P-371,3830000,0.5545,"20%, 15%, 15%, 20%, 15%, 10%, 5%","تم السداد 766,000.00","تم السداد 574,500.00","تم السداد 574,500.00","تم السداد 766,000.00",غير مستحقة,غير مستحقة,غير مستحقة,0,2681000,بنك مصر,08/03/2025,0.5545,DGP0271,8-Mar-25
عمرو سليمان طارق جابر,3618188402,P-372,DGP-B11-P-372,4590000,0.5616,"20%, 15%, 15%, 20%, 15%, 10%, 5%","تم السداد 918,000.00","تم السداد 688,500.00","تم السداد 688,500.00","918,000.00",غير مستحقة,غير مستحقة,غير مستحقة,918000,2295000,بنك مصر,15/04/2025,0.5616,DGP0272,7-May-25
أحمد عبدالرحمن فتحي المرسي,1952915093,P-373,DGP-B11-P-373,4494000,0.578,"20%, 15%, 15%, 20%, 15%, 10%, 5%","تم السداد 898,800.00","تم السداد 674,100.00","تم السداد 674,100.00","898,800.00",غير مستحقة,غير مستحقة,غير مستحقة,898800,2247000,بنك مصر,12/04/2025,0.578,DGP0273,1-May-25
جورج طارق علي يونس,5519262704,P-374,DGP-B11-P-374,3824000,0.5632,"20%, 15%, 15%, 20%, 15%, 10%, 5%","تم السداد 764,800.00","تم السداد 573,600.00","تم السداد 573,600.00","تم السداد 764,800.00",غير مستحقة,غير مستحقة,غير مستحقة,0,2676800,بنك القاهرة,08/05/2025,0.5632,DGP0274,4-May-25
رامز جابر سليمان عبدالرازق,6944612341,P-375,DGP-B12-P-375,5232000,0.5615,"20%, 15%, 15%, 20%, 15%, 10%, 5%","تم السداد 1,046,400.00","تم السداد 784,800.00","تم السداد 784,800.00","1,046,400.00",غير مستحقة,غير مستحقة,غير مستحقة,1046400,2616000,EGBANK - البنك المصري الخليجي,14/05/2025,0.5615,DGP0275,21-Apr-25
أحمد سليمان مجدي حسين,2103142449,P-376,DGP-B12-P-376,5341000,0.5477,"20%, 15%, 15%, 20%, 15%, 10%, 5%","تم السداد 1,068,200.00","تم السداد 801,150.00","تم السداد 801,150.00","1,068,200.00",غير مستحقة,غير مستحقة,غير مستحقة,1068200,2670500,بنك مصر,04/04/2025,0.5477,DGP0276,14-May-25
وائل فتحي عبدالله الرفاعي,5553380443,P-377,DGP-B12-P-377,3713000,0.5557,"20%, 15%, 15%, 20%, 15%, 10%, 5%","تم السداد 742,600.00","تم السداد 556,950.00","تم السداد 556,950.00","تم السداد 742,600.00",غير مستحقة,غير مستحقة,غير مستحقة,0,2599100,بنك التعمير والإسكان,11/05/2025,0.5557,DGP0277,19-Apr-25
نهال صلاح إبراهيم لطفي,4528919933,P-378,DGP-B12-P-378,7977000,0.5603,"20%, 15%, 15%, 20%, 15%, 10%, 5%","تم السداد 1,595,400.00","تم السداد 1,196,550.00","تم السداد 1,196,550.00","1,595,400.00",غير مستحقة,غير مستحقة,غير مستحقة,1595400,3988500,كاش,24/05/2025,0.5603,DGP0278,24-Apr-25
علاء محمد مصطفى بدوي,3999883884,P-379,DGP-B12-P-379,4169000,0.5746,"20%, 15%, 15%, 20%, 15%, 10%, 5%","833,800.00","625,350.00","625,350.00","833,800.00",غير مستحقة,غير مستحقة,غير مستحقة,2918300,0,QNB مصر,03/08/2026,0.5746,DGP0279,19-Jul-26
Summary Total,,,,,,,261894600,191890500,107934750,35983400,0,0,0,81674700,516028550,,,,,
Paid Installments,,,,,,,258988600,161244150,75813600,19982200,0,0,0,0,516028550,,,,,
Remaining Installments,,,,,,,2906000,30646350,32121150,16001200,0,0,0,81674700,0,,,,,